Labels: [ 2.  0.  0.  0.  0.  0. -1. -1. -1.  4.  4.  2.  0.  0.  0.  0.  0.  0.
  0.  0.  0.  6. -1.  3.  3. -1.  5.  1.  1.  1. -1. -1.  0.  0.  0.  0.
  0.  0.  0.  0.  3. -1. -1. -1.  5. -1.  4.  1.  1. -1.  0.  0.  0.  0.
  0.  0.  0.  0.  0.  0.  3.  3. -1.  5. -1.  4.  4.  1.  1.  1.  1.  1.
 -1.  2. -1.  0.  0.  0.  0.  0. -1. -1.  3. -1. -1. -1.  1.  1.  1.  1.
  1.  2.  0.  0.  0.  0.  0.  0. -1. -1.  3.  3. -1. -1.  5. -1. -1.  4.
  4.  1.  1.  1. -1.  2.  2.  2.  2.  0.  0.  3. -1. -1.  5. -1.  4.  4.
  1.  1.  2.  2.  2.  0.  0.  0.  0.  0.  0.  0.  0.  0.  0.  0.  0. -1.
 -1. -1.  3.  3.  3. -1. -1.  5. -1.  4.  4.  4.  1.  1.  1.  1.  1.  1.
  1.  1.  2.  0.  0.  0.  0.  0.  6.  3.  3.  3. -1.  4.  4.  4.  1.  2.
  2. -1. -1.  0.  0.  0.  0.  0.  0.  0.  0.  6.  3. -1. -1.  4.  4.  1.
  1.  1.  1.  1.  1.  2.  0.  0.  0.  0.  0.  0.  0. -1. -1.  4.  4.  4.
  1.  1.  1. -1. -1.  2.  0.  0.  0.  0.  0.  6.  3. -1. -1. -1.  4.  4.
  0.  0.  0.  0.  0.  0.  0.  0.  0.  0.  0.  0.  0.  0.  0.  0.  0.  6.
 -1. -1.  5. -1.  4.  4.  4.  1.  1.  0.  0.  0.  0.  0.  0.  0.  0.  0.
  0.  0.  0.  6.  3. -1.  5. -1.  2.  2. -1.  0.  0.  0.  0.  0.  0.  0.
  0.  0. -1.  0.  0.  0.  0.  0.  0.  0.  0.  0.  0.  0.  0.  0.  6.  6.
  3. -1.  5.  4.  4.  4. -1.  2. -1.  0.  0.  0.  0.  0.  0.  0. -1.  3.
  4.  1.  1. -1.  2.  0.  0.  0.  0.  0.  0.  0.  0.  0.  0.  0.  0.  0.
  0. -1.  3.  3. -1.  5.  4.  1. -1.  2.  2.  0.  0.  0.  0.  0.  0.  0.
  0.  6. -1. -1.  5. -1.  4.  4.  4.  1. -1. -1.  0.  0.  0.  0.  0.  0.
  0. -1.  6.  4.  4.  1. -1.  0.  0.  0.  0.  0.  0.  0.  0.  0.  0. -1.
 -1. -1.  1.  1. -1.  0.  0.  0.  0.  0.  0.  0.  0.  0.  0.  0.  6. -1.
  5.  4.], Points: 416, Length: 416, Window: 210.0
Labels: [ 2.  0.  0.  0.  0.  0. -1. -1. -1.  4.  4.  2.  0.  0.  0.  0.  0.  0.
  0.  0.  0.  6.  7.  3.  3. -1.  5.  1.  1.  1. -1. -1.  0.  0.  0.  0.
  0.  0.  0.  0.  3. -1. -1. -1.  5. -1.  4.  1.  1. -1.  0.  0.  0.  0.
  0.  0.  0.  0.  0.  0.  3.  3. -1.  5. -1.  4.  4.  1.  1.  1.  1.  1.
 -1.  2. -1.  0.  0.  0.  0.  0.  7.  7.  3. -1. -1. -1.  1.  1.  1.  1.
  1.  2.  0.  0.  0.  0.  0.  0. -1. -1.  3.  3. -1. -1.  5. -1. -1.  4.
  4.  1.  1.  1. -1.  2.  2.  2.  2.  0.  0.  3. -1. -1.  5. -1.  4.  4.
  1.  1.  2.  2.  2.  0.  0.  0.  0.  0.  0.  0.  0.  0.  0.  0.  0.  7.
  7.  7.  3.  3.  3. -1. -1.  5. -1.  4.  4.  4.  1.  1.  1.  1.  1.  1.
  1.  1.  2.  0.  0.  0.  0.  0.  6.  3.  3.  3. -1.  4.  4.  4.  1.  2.
  2. -1. -1.  0.  0.  0.  0.  0.  0.  0.  0.  6.  3. -1. -1.  4.  4.  1.
  1.  1.  1.  1.  1.  2.  0.  0.  0.  0.  0.  0.  0. -1. -1.  4.  4.  4.
  1.  1.  1. -1. -1.  2.  0.  0.  0.  0.  0.  6.  3. -1. -1. -1.  4.  4.
  0.  0.  0.  0.  0.  0.  0.  0.  0.  0.  0.  0.  0.  0.  0.  0.  0.  6.
 -1. -1.  5. -1.  4.  4.  4.  1.  1.  0.  0.  0.  0.  0.  0.  0.  0.  0.
  0.  0.  0.  6.  3. -1.  5. -1.  2.  2. -1.  0.  0.  0.  0.  0.  0.  0.
  0.  0. -1.  0.  0.  0.  0.  0.  0.  0.  0.  0.  0.  0.  0.  0.  6.  6.
  3. -1.  5.  4.  4.  4. -1.  2. -1.  0.  0.  0.  0.  0.  0.  0.  7.  3.
  4.  1.  1. -1.  2.  0.  0.  0.  0.  0.  0.  0.  0.  0.  0.  0.  0.  0.
  0.  7.  3.  3. -1.  5.  4.  1. -1.  2.  2.  0.  0.  0.  0.  0.  0.  0.
  0.  6. -1. -1.  5. -1.  4.  4.  4.  1. -1. -1.  0.  0.  0.  0.  0.  0.
  0. -1.  6.  4.  4.  1. -1.  0.  0.  0.  0.  0.  0.  0.  0.  0.  0.  7.
 -1. -1.  1.  1. -1.  0.  0.  0.  0.  0.  0.  0.  0.  0.  0.  0.  6. -1.
  5.  4.  0.  0.  0.  0.  0.  0.  0.  0.  0.  0.  6. -1.  7.  3.  3.  4.
  4.  1.], Points: 434, Length: 434, Window: 220.0
Labels: [ 2.  0.  0.  0.  0.  0. -1. -1. -1.  4.  4.  2.  0.  0.  0.  0.  0.  0.
  0.  0.  0.  6.  7.  3.  3. -1.  5.  1.  1.  1. -1. -1.  0.  0.  0.  0.
  0.  0.  0.  0.  3. -1. -1. -1.  5. -1.  4.  1.  1. -1.  0.  0.  0.  0.
  0.  0.  0.  0.  0.  0.  3.  3. -1.  5. -1.  4.  4.  1.  1.  1.  1.  1.
 -1.  2. -1.  0.  0.  0.  0.  0.  7.  7.  3. -1. -1. -1.  1.  1.  1.  1.
  1.  2.  0.  0.  0.  0.  0.  0. -1. -1.  3.  3. -1. -1.  5. -1. -1.  4.
  4.  1.  1.  1. -1.  2.  2.  2.  2.  0.  0.  3. -1. -1.  5. -1.  4.  4.
  1.  1.  2.  2.  2.  0.  0.  0.  0.  0.  0.  0.  0.  0.  0.  0.  0.  7.
  7.  7.  3.  3.  3. -1. -1.  5. -1.  4.  4.  4.  1.  1.  1.  1.  1.  1.
  1.  1.  2.  0.  0.  0.  0.  0.  6.  3.  3.  3. -1.  4.  4.  4.  1.  2.
  2. -1. -1.  0.  0.  0.  0.  0.  0.  0.  0.  6.  3. -1. -1.  4.  4.  1.
  1.  1.  1.  1.  1.  2.  0.  0.  0.  0.  0.  0.  0. -1. -1.  4.  4.  4.
  1.  1.  1. -1. -1.  2.  0.  0.  0.  0.  0.  6.  3. -1. -1. -1.  4.  4.
  0.  0.  0.  0.  0.  0.  0.  0.  0.  0.  0.  0.  0.  0.  0.  0.  0.  6.
 -1. -1.  5. -1.  4.  4.  4.  1.  1.  0.  0.  0.  0.  0.  0.  0.  0.  0.
  0.  0.  0.  6.  3. -1.  5. -1.  2.  2. -1.  0.  0.  0.  0.  0.  0.  0.
  0.  0. -1.  0.  0.  0.  0.  0.  0.  0.  0.  0.  0.  0.  0.  0.  6.  6.
  3. -1.  5.  4.  4.  4. -1.  2. -1.  0.  0.  0.  0.  0.  0.  0.  7.  3.
  4.  1.  1. -1.  2.  0.  0.  0.  0.  0.  0.  0.  0.  0.  0.  0.  0.  0.
  0.  7.  3.  3. -1.  5.  4.  1. -1.  2.  2.  0.  0.  0.  0.  0.  0.  0.
  0.  6. -1. -1.  5. -1.  4.  4.  4.  1. -1. -1.  0.  0.  0.  0.  0.  0.
  0. -1.  6.  4.  4.  1. -1.  0.  0.  0.  0.  0.  0.  0.  0.  0.  0.  7.
 -1. -1.  1.  1. -1.  0.  0.  0.  0.  0.  0.  0.  0.  0.  0.  0.  6. -1.
  5.  4.  0.  0.  0.  0.  0.  0.  0.  0.  0.  0.  6. -1.  7.  3.  3.  4.
  4.  1. -1.  0.  0.  0.  0.  0.  0.  0.  0.  6.  6.  3. -1. -1.  5.  5.
  4.  4.  4.  1.  1.], Points: 455, Length: 455, Window: 230.0
Labels: [ 2.  0.  0.  0.  0.  0. -1. -1. -1.  4.  4.  2.  0.  0.  0.  0.  0.  0.
  0.  0.  0.  6.  7.  3.  3. -1.  5.  1.  1.  1. -1.  8.  0.  0.  0.  0.
  0.  0.  0.  0.  3. -1. -1. -1.  5. -1.  4.  1.  1.  8.  0.  0.  0.  0.
  0.  0.  0.  0.  0.  0.  3.  3. -1.  5. -1.  4.  4.  1.  1.  1.  1.  1.
 -1.  2.  8.  0.  0.  0.  0.  0.  7.  7.  3. -1. -1. -1.  1.  1.  1.  1.
  1.  2.  0.  0.  0.  0.  0.  0. -1. -1.  3.  3. -1. -1.  5. -1. -1.  4.
  4.  1.  1.  1. -1.  2.  2.  2.  2.  0.  0.  3. -1. -1.  5. -1.  4.  4.
  1.  1.  2.  2.  2.  0.  0.  0.  0.  0.  0.  0.  0.  0.  0.  0.  0.  7.
  7.  7.  3.  3.  3. -1. -1.  5. -1.  4.  4.  4.  1.  1.  1.  1.  1.  1.
  1.  1.  2.  0.  0.  0.  0.  0.  6.  3.  3.  3. -1.  4.  4.  4.  1.  2.
  2.  8.  8.  0.  0.  0.  0.  0.  0.  0.  0.  6.  3. -1. -1.  4.  4.  1.
  1.  1.  1.  1.  1.  2.  0.  0.  0.  0.  0.  0.  0. -1. -1.  4.  4.  4.
  1.  1.  1. -1. -1.  2.  0.  0.  0.  0.  0.  6.  3. -1. -1. -1.  4.  4.
  0.  0.  0.  0.  0.  0.  0.  0.  0.  0.  0.  0.  0.  0.  0.  0.  0.  6.
 -1. -1.  5. -1.  4.  4.  4.  1.  1.  0.  0.  0.  0.  0.  0.  0.  0.  0.
  0.  0.  0.  6.  3. -1.  5. -1.  2.  2.  8.  0.  0.  0.  0.  0.  0.  0.
  0.  0. -1.  0.  0.  0.  0.  0.  0.  0.  0.  0.  0.  0.  0.  0.  6.  6.
  3. -1.  5.  4.  4.  4. -1.  2.  8.  0.  0.  0.  0.  0.  0.  0.  7.  3.
  4.  1.  1. -1.  2.  0.  0.  0.  0.  0.  0.  0.  0.  0.  0.  0.  0.  0.
  0.  7.  3.  3. -1.  5.  4.  1. -1.  2.  2.  0.  0.  0.  0.  0.  0.  0.
  0.  6. -1. -1.  5. -1.  4.  4.  4.  1. -1. -1.  0.  0.  0.  0.  0.  0.
  0. -1.  6.  4.  4.  1.  8.  0.  0.  0.  0.  0.  0.  0.  0.  0.  0.  7.
 -1. -1.  1.  1. -1.  0.  0.  0.  0.  0.  0.  0.  0.  0.  0.  0.  6. -1.
  5.  4.  0.  0.  0.  0.  0.  0.  0.  0.  0.  0.  6. -1.  7.  3.  3.  4.
  4.  1.  8.  0.  0.  0.  0.  0.  0.  0.  0.  6.  6.  3. -1. -1.  5.  5.
  4.  4.  4.  1.  1.  2.  8.  0.  0.  0.  0.  0. -1.  4.  1.  1.], Points: 466, Length: 466, Window: 240.0
Labels: [ 2.  0.  0.  0.  0.  0. -1. -1. -1.  4.  4.  2.  0.  0.  0.  0.  0.  0.
  0.  0.  0.  6.  7.  3.  3. -1.  5.  1.  1.  1. -1.  8.  0.  0.  0.  0.
  0.  0.  0.  0.  3. -1. -1. -1.  5. -1.  4.  1.  1.  8.  0.  0.  0.  0.
  0.  0.  0.  0.  0.  0.  3.  3. -1.  5. -1.  4.  4.  1.  1.  1.  1.  1.
 -1.  2.  8.  0.  0.  0.  0.  0.  7.  7.  3. -1. -1. -1.  1.  1.  1.  1.
  1.  2.  0.  0.  0.  0.  0.  0. -1. -1.  3.  3. -1. -1.  5. -1. -1.  4.
  4.  1.  1.  1. -1.  2.  2.  2.  2.  0.  0.  3. -1. -1.  5. -1.  4.  4.
  1.  1.  2.  2.  2.  0.  0.  0.  0.  0.  0.  0.  0.  0.  0.  0.  0.  7.
  7.  7.  3.  3.  3. -1. -1.  5. -1.  4.  4.  4.  1.  1.  1.  1.  1.  1.
  1.  1.  2.  0.  0.  0.  0.  0.  6.  3.  3.  3. -1.  4.  4.  4.  1.  2.
  2.  8.  8.  0.  0.  0.  0.  0.  0.  0.  0.  6.  3. -1. -1.  4.  4.  1.
  1.  1.  1.  1.  1.  2.  0.  0.  0.  0.  0.  0.  0. -1. -1.  4.  4.  4.
  1.  1.  1. -1. -1.  2.  0.  0.  0.  0.  0.  6.  3. -1. -1. -1.  4.  4.
  0.  0.  0.  0.  0.  0.  0.  0.  0.  0.  0.  0.  0.  0.  0.  0.  0.  6.
 -1. -1.  5. -1.  4.  4.  4.  1.  1.  0.  0.  0.  0.  0.  0.  0.  0.  0.
  0.  0.  0.  6.  3. -1.  5. -1.  2.  2.  8.  0.  0.  0.  0.  0.  0.  0.
  0.  0. -1.  0.  0.  0.  0.  0.  0.  0.  0.  0.  0.  0.  0.  0.  6.  6.
  3. -1.  5.  4.  4.  4. -1.  2.  8.  0.  0.  0.  0.  0.  0.  0.  7.  3.
  4.  1.  1. -1.  2.  0.  0.  0.  0.  0.  0.  0.  0.  0.  0.  0.  0.  0.
  0.  7.  3.  3. -1.  5.  4.  1. -1.  2.  2.  0.  0.  0.  0.  0.  0.  0.
  0.  6. -1. -1.  5. -1.  4.  4.  4.  1. -1. -1.  0.  0.  0.  0.  0.  0.
  0. -1.  6.  4.  4.  1.  8.  0.  0.  0.  0.  0.  0.  0.  0.  0.  0.  7.
 -1. -1.  1.  1. -1.  0.  0.  0.  0.  0.  0.  0.  0.  0.  0.  0.  6. -1.
  5.  4.  0.  0.  0.  0.  0.  0.  0.  0.  0.  0.  6. -1.  7.  3.  3.  4.
  4.  1.  8.  0.  0.  0.  0.  0.  0.  0.  0.  6.  6.  3. -1. -1.  5.  5.
  4.  4.  4.  1.  1.  2.  8.  0.  0.  0.  0.  0. -1.  4.  1.  1.  2.  2.
  0.  0.  0.  0.  0.  0.  0. -1.  7.  7.  3.  4.  4.  1.  1.  1.], Points: 484, Length: 484, Window: 250.0
Labels: [ 2.  0.  0.  0.  0.  0. -1. -1. -1.  4.  4.  2.  0.  0.  0.  0.  0.  0.
  0.  0.  0.  6.  7.  3.  3. -1.  5.  1.  1.  1. -1.  8.  0.  0.  0.  0.
  0.  0.  0.  0.  3. -1. -1. -1.  5. -1.  4.  1.  1.  8.  0.  0.  0.  0.
  0.  0.  0.  0.  0.  0.  3.  3. -1.  5. -1.  4.  4.  1.  1.  1.  1.  1.
 -1.  2.  8.  0.  0.  0.  0.  0.  7.  7.  3. -1. -1. -1.  1.  1.  1.  1.
  1.  2.  0.  0.  0.  0.  0.  0. -1. -1.  3.  3. -1. -1.  5. -1. -1.  4.
  4.  1.  1.  1. -1.  2.  2.  2.  2.  0.  0.  3. -1. -1.  5. -1.  4.  4.
  1.  1.  2.  2.  2.  0.  0.  0.  0.  0.  0.  0.  0.  0.  0.  0.  0.  7.
  7.  7.  3.  3.  3. -1. -1.  5. -1.  4.  4.  4.  1.  1.  1.  1.  1.  1.
  1.  1.  2.  0.  0.  0.  0.  0.  6.  3.  3.  3. -1.  4.  4.  4.  1.  2.
  2.  8.  8.  0.  0.  0.  0.  0.  0.  0.  0.  6.  3. -1. -1.  4.  4.  1.
  1.  1.  1.  1.  1.  2.  0.  0.  0.  0.  0.  0.  0. -1. -1.  4.  4.  4.
  1.  1.  1. -1. -1.  2.  0.  0.  0.  0.  0.  6.  3. -1. -1. -1.  4.  4.
  0.  0.  0.  0.  0.  0.  0.  0.  0.  0.  0.  0.  0.  0.  0.  0.  0.  6.
 -1. -1.  5. -1.  4.  4.  4.  1.  1.  0.  0.  0.  0.  0.  0.  0.  0.  0.
  0.  0.  0.  6.  3. -1.  5. -1.  2.  2.  8.  0.  0.  0.  0.  0.  0.  0.
  0.  0. -1.  0.  0.  0.  0.  0.  0.  0.  0.  0.  0.  0.  0.  0.  6.  6.
  3. -1.  5.  4.  4.  4. -1.  2.  8.  0.  0.  0.  0.  0.  0.  0.  7.  3.
  4.  1.  1. -1.  2.  0.  0.  0.  0.  0.  0.  0.  0.  0.  0.  0.  0.  0.
  0.  7.  3.  3. -1.  5.  4.  1. -1.  2.  2.  0.  0.  0.  0.  0.  0.  0.
  0.  6. -1. -1.  5. -1.  4.  4.  4.  1. -1. -1.  0.  0.  0.  0.  0.  0.
  0. -1.  6.  4.  4.  1.  8.  0.  0.  0.  0.  0.  0.  0.  0.  0.  0.  7.
 -1. -1.  1.  1. -1.  0.  0.  0.  0.  0.  0.  0.  0.  0.  0.  0.  6. -1.
  5.  4.  0.  0.  0.  0.  0.  0.  0.  0.  0.  0.  6. -1.  7.  3.  3.  4.
  4.  1.  8.  0.  0.  0.  0.  0.  0.  0.  0.  6.  6.  3. -1. -1.  5.  5.
  4.  4.  4.  1.  1.  2.  8.  0.  0.  0.  0.  0. -1.  4.  1.  1.  2.  2.
  0.  0.  0.  0.  0.  0.  0. -1.  7.  7.  3.  4.  4.  1.  1.  1.  2.  0.
  0.  0.  0.  0.  0.  0.  0.  0.  0.  0.  0.  6. -1. -1.  3. -1.  5.  1.], Points: 504, Length: 504, Window: 260.0
Labels: [ 2.  0.  0.  0.  0.  0. -1. -1. -1.  4.  4.  2.  0.  0.  0.  0.  0.  0.
  0.  0.  0.  6.  7.  3.  3. -1.  5.  1.  1.  1. -1.  8.  0.  0.  0.  0.
  0.  0.  0.  0.  3. -1. -1. -1.  5. -1.  4.  1.  1.  8.  0.  0.  0.  0.
  0.  0.  0.  0.  0.  0.  3.  3. -1.  5. -1.  4.  4.  1.  1.  1.  1.  1.
 -1.  2.  8.  0.  0.  0.  0.  0.  7.  7.  3. -1. -1. -1.  1.  1.  1.  1.
  1.  2.  0.  0.  0.  0.  0.  0. -1. -1.  3.  3. -1. -1.  5. -1. -1.  4.
  4.  1.  1.  1. -1.  2.  2.  2.  2.  0.  0.  3. -1. -1.  5. -1.  4.  4.
  1.  1.  2.  2.  2.  0.  0.  0.  0.  0.  0.  0.  0.  0.  0.  0.  0.  7.
  7.  7.  3.  3.  3. -1. -1.  5. -1.  4.  4.  4.  1.  1.  1.  1.  1.  1.
  1.  1.  2.  0.  0.  0.  0.  0.  6.  3.  3.  3. -1.  4.  4.  4.  1.  2.
  2.  8.  8.  0.  0.  0.  0.  0.  0.  0.  0.  6.  3. -1. -1.  4.  4.  1.
  1.  1.  1.  1.  1.  2.  0.  0.  0.  0.  0.  0.  0. -1. -1.  4.  4.  4.
  1.  1.  1. -1. -1.  2.  0.  0.  0.  0.  0.  6.  3. -1. -1. -1.  4.  4.
  0.  0.  0.  0.  0.  0.  0.  0.  0.  0.  0.  0.  0.  0.  0.  0.  0.  6.
 -1. -1.  5. -1.  4.  4.  4.  1.  1.  0.  0.  0.  0.  0.  0.  0.  0.  0.
  0.  0.  0.  6.  3. -1.  5. -1.  2.  2.  8.  0.  0.  0.  0.  0.  0.  0.
  0.  0. -1.  0.  0.  0.  0.  0.  0.  0.  0.  0.  0.  0.  0.  0.  6.  6.
  3. -1.  5.  4.  4.  4. -1.  2.  8.  0.  0.  0.  0.  0.  0.  0.  7.  3.
  4.  1.  1. -1.  2.  0.  0.  0.  0.  0.  0.  0.  0.  0.  0.  0.  0.  0.
  0.  7.  3.  3. -1.  5.  4.  1. -1.  2.  2.  0.  0.  0.  0.  0.  0.  0.
  0.  6. -1. -1.  5. -1.  4.  4.  4.  1. -1. -1.  0.  0.  0.  0.  0.  0.
  0. -1.  6.  4.  4.  1.  8.  0.  0.  0.  0.  0.  0.  0.  0.  0.  0.  7.
 -1. -1.  1.  1. -1.  0.  0.  0.  0.  0.  0.  0.  0.  0.  0.  0.  6. -1.
  5.  4.  0.  0.  0.  0.  0.  0.  0.  0.  0.  0.  6. -1.  7.  3.  3.  4.
  4.  1.  8.  0.  0.  0.  0.  0.  0.  0.  0.  6.  6.  3. -1. -1.  5.  5.
  4.  4.  4.  1.  1.  2.  8.  0.  0.  0.  0.  0. -1.  4.  1.  1.  2.  2.
  0.  0.  0.  0.  0.  0.  0. -1.  7.  7.  3.  4.  4.  1.  1.  1.  2.  0.
  0.  0.  0.  0.  0.  0.  0.  0.  0.  0.  0.  6. -1. -1.  3. -1.  5.  1.
  2.  0.  0.  0.  0.  0.  0.  0.  0.  0.  0.  3. -1.  4.  4.  1.], Points: 520, Length: 520, Window: 270.0
Labels: [ 2.  0.  0.  0.  0.  0. -1. -1. -1.  4.  4.  2.  0.  0.  0.  0.  0.  0.
  0.  0.  0.  6.  7.  3.  3. -1.  5.  1.  1.  1.  9.  8.  0.  0.  0.  0.
  0.  0.  0.  0.  3. -1. -1. -1.  5. -1.  4.  1.  1.  8.  0.  0.  0.  0.
  0.  0.  0.  0.  0.  0.  3.  3. -1.  5. -1.  4.  4.  1.  1.  1.  1.  1.
 -1.  2.  8.  0.  0.  0.  0.  0.  7.  7.  3. -1. -1. -1.  1.  1.  1.  1.
  1.  2.  0.  0.  0.  0.  0.  0. -1. -1.  3.  3. -1. -1.  5. -1. -1.  4.
  4.  1.  1.  1. -1.  2.  2.  2.  2.  0.  0.  3. -1. -1.  5. -1.  4.  4.
  1.  1.  2.  2.  2.  0.  0.  0.  0.  0.  0.  0.  0.  0.  0.  0.  0.  7.
  7.  7.  3.  3.  3. -1. -1.  5. -1.  4.  4.  4.  1.  1.  1.  1.  1.  1.
  1.  1.  2.  0.  0.  0.  0.  0.  6.  3.  3.  3. -1.  4.  4.  4.  1.  2.
  2.  8.  8.  0.  0.  0.  0.  0.  0.  0.  0.  6.  3. -1. -1.  4.  4.  1.
  1.  1.  1.  1.  1.  2.  0.  0.  0.  0.  0.  0.  0. -1. -1.  4.  4.  4.
  1.  1.  1. -1.  9.  2.  0.  0.  0.  0.  0.  6.  3. -1. -1. -1.  4.  4.
  0.  0.  0.  0.  0.  0.  0.  0.  0.  0.  0.  0.  0.  0.  0.  0.  0.  6.
 -1. -1.  5. -1.  4.  4.  4.  1.  1.  0.  0.  0.  0.  0.  0.  0.  0.  0.
  0.  0.  0.  6.  3. -1.  5.  9.  2.  2.  8.  0.  0.  0.  0.  0.  0.  0.
  0.  0. -1.  0.  0.  0.  0.  0.  0.  0.  0.  0.  0.  0.  0.  0.  6.  6.
  3. -1.  5.  4.  4.  4.  9.  2.  8.  0.  0.  0.  0.  0.  0.  0.  7.  3.
  4.  1.  1.  9.  2.  0.  0.  0.  0.  0.  0.  0.  0.  0.  0.  0.  0.  0.
  0.  7.  3.  3. -1.  5.  4.  1.  9.  2.  2.  0.  0.  0.  0.  0.  0.  0.
  0.  6. -1. -1.  5. -1.  4.  4.  4.  1.  9.  9.  0.  0.  0.  0.  0.  0.
  0. -1.  6.  4.  4.  1.  8.  0.  0.  0.  0.  0.  0.  0.  0.  0.  0.  7.
 -1. -1.  1.  1.  9.  0.  0.  0.  0.  0.  0.  0.  0.  0.  0.  0.  6. -1.
  5.  4.  0.  0.  0.  0.  0.  0.  0.  0.  0.  0.  6. -1.  7.  3.  3.  4.
  4.  1.  8.  0.  0.  0.  0.  0.  0.  0.  0.  6.  6.  3. -1. -1.  5.  5.
  4.  4.  4.  1.  1.  2.  8.  0.  0.  0.  0.  0. -1.  4.  1.  1.  2.  2.
  0.  0.  0.  0.  0.  0.  0. -1.  7.  7.  3.  4.  4.  1.  1.  1.  2.  0.
  0.  0.  0.  0.  0.  0.  0.  0.  0.  0.  0.  6. -1. -1.  3. -1.  5.  1.
  2.  0.  0.  0.  0.  0.  0.  0.  0.  0.  0.  3. -1.  4.  4.  1.  9.  2.
  0.  0.  0.  0.  0.  0.  0.  0.  0.  0.  0. -1. -1. -1.  1.  1.  1.  1.
  1.], Points: 541, Length: 541, Window: 280.0
Labels: [ 2.  0.  0.  0.  0.  0. -1. -1. -1.  4.  4.  2.  0.  0.  0.  0.  0.  0.
  0.  0.  0.  6.  7.  3.  3. -1.  5.  1.  1.  1.  9.  8.  0.  0.  0.  0.
  0.  0.  0.  0.  3. -1. -1. -1.  5. -1.  4.  1.  1.  8.  0.  0.  0.  0.
  0.  0.  0.  0.  0.  0.  3.  3. -1.  5. -1.  4.  4.  1.  1.  1.  1.  1.
 -1.  2.  8.  0.  0.  0.  0.  0.  7.  7.  3. -1. -1. -1.  1.  1.  1.  1.
  1.  2.  0.  0.  0.  0.  0.  0. -1. -1.  3.  3. -1. -1.  5. -1. -1.  4.
  4.  1.  1.  1. -1.  2.  2.  2.  2.  0.  0.  3. -1. -1.  5. -1.  4.  4.
  1.  1.  2.  2.  2.  0.  0.  0.  0.  0.  0.  0.  0.  0.  0.  0.  0.  7.
  7.  7.  3.  3.  3. -1. -1.  5. -1.  4.  4.  4.  1.  1.  1.  1.  1.  1.
  1.  1.  2.  0.  0.  0.  0.  0.  6.  3.  3.  3. -1.  4.  4.  4.  1.  2.
  2.  8.  8.  0.  0.  0.  0.  0.  0.  0.  0.  6.  3. -1. -1.  4.  4.  1.
  1.  1.  1.  1.  1.  2.  0.  0.  0.  0.  0.  0.  0. -1. -1.  4.  4.  4.
  1.  1.  1. -1.  9.  2.  0.  0.  0.  0.  0.  6.  3. -1. -1. -1.  4.  4.
  0.  0.  0.  0.  0.  0.  0.  0.  0.  0.  0.  0.  0.  0.  0.  0.  0.  6.
 -1. -1.  5. -1.  4.  4.  4.  1.  1.  0.  0.  0.  0.  0.  0.  0.  0.  0.
  0.  0.  0.  6.  3. -1.  5.  9.  2.  2.  8.  0.  0.  0.  0.  0.  0.  0.
  0.  0. -1.  0.  0.  0.  0.  0.  0.  0.  0.  0.  0.  0.  0.  0.  6.  6.
  3. -1.  5.  4.  4.  4.  9.  2.  8.  0.  0.  0.  0.  0.  0.  0.  7.  3.
  4.  1.  1.  9.  2.  0.  0.  0.  0.  0.  0.  0.  0.  0.  0.  0.  0.  0.
  0.  7.  3.  3. -1.  5.  4.  1.  9.  2.  2.  0.  0.  0.  0.  0.  0.  0.
  0.  6. -1. -1.  5. -1.  4.  4.  4.  1.  9.  9.  0.  0.  0.  0.  0.  0.
  0. -1.  6.  4.  4.  1.  8.  0.  0.  0.  0.  0.  0.  0.  0.  0.  0.  7.
 -1. -1.  1.  1.  9.  0.  0.  0.  0.  0.  0.  0.  0.  0.  0.  0.  6. -1.
  5.  4.  0.  0.  0.  0.  0.  0.  0.  0.  0.  0.  6. -1.  7.  3.  3.  4.
  4.  1.  8.  0.  0.  0.  0.  0.  0.  0.  0.  6.  6.  3. -1. -1.  5.  5.
  4.  4.  4.  1.  1.  2.  8.  0.  0.  0.  0.  0. -1.  4.  1.  1.  2.  2.
  0.  0.  0.  0.  0.  0.  0. -1.  7.  7.  3.  4.  4.  1.  1.  1.  2.  0.
  0.  0.  0.  0.  0.  0.  0.  0.  0.  0.  0.  6. -1. -1.  3. -1.  5.  1.
  2.  0.  0.  0.  0.  0.  0.  0.  0.  0.  0.  3. -1.  4.  4.  1.  9.  2.
  0.  0.  0.  0.  0.  0.  0.  0.  0.  0.  0. -1. -1. -1.  1.  1.  1.  1.
  1.  2.  2.  0.  0.  0.  0.  0.  0.  0.  0.  0.  3.  4.  4.  1.  1.], Points: 557, Length: 557, Window: 290.0
Labels: [ 2.  0.  0.  0.  0.  0. -1. -1. -1.  4.  4.  2.  0.  0.  0.  0.  0.  0.
  0.  0.  0.  6.  7.  3.  3. -1.  5.  1.  1.  1.  9.  8.  0.  0.  0.  0.
  0.  0.  0.  0.  3. -1. -1. -1.  5. -1.  4.  1.  1.  8.  0.  0.  0.  0.
  0.  0.  0.  0.  0.  0.  3.  3. -1.  5. -1.  4.  4.  1.  1.  1.  1.  1.
 -1.  2.  8.  0.  0.  0.  0.  0.  7.  7.  3. -1. -1. -1.  1.  1.  1.  1.
  1.  2.  0.  0.  0.  0.  0.  0. 10. 10.  3.  3. -1. -1.  5. -1. -1.  4.
  4.  1.  1.  1. -1.  2.  2.  2.  2.  0.  0.  3. -1. -1.  5. -1.  4.  4.
  1.  1.  2.  2.  2.  0.  0.  0.  0.  0.  0.  0.  0.  0.  0.  0.  0.  7.
  7.  7.  3.  3.  3. -1. -1.  5. -1.  4.  4.  4.  1.  1.  1.  1.  1.  1.
  1.  1.  2.  0.  0.  0.  0.  0.  6.  3.  3.  3. -1.  4.  4.  4.  1.  2.
  2.  8.  8.  0.  0.  0.  0.  0.  0.  0.  0.  6.  3. -1. -1.  4.  4.  1.
  1.  1.  1.  1.  1.  2.  0.  0.  0.  0.  0.  0.  0. -1. -1.  4.  4.  4.
  1.  1.  1. -1.  9.  2.  0.  0.  0.  0.  0.  6.  3. -1. -1. -1.  4.  4.
  0.  0.  0.  0.  0.  0.  0.  0.  0.  0.  0.  0.  0.  0.  0.  0.  0.  6.
 -1. -1.  5. -1.  4.  4.  4.  1.  1.  0.  0.  0.  0.  0.  0.  0.  0.  0.
  0.  0.  0.  6.  3. -1.  5.  9.  2.  2.  8.  0.  0.  0.  0.  0.  0.  0.
  0.  0. -1.  0.  0.  0.  0.  0.  0.  0.  0.  0.  0.  0.  0.  0.  6.  6.
  3. -1.  5.  4.  4.  4.  9.  2.  8.  0.  0.  0.  0.  0.  0.  0.  7.  3.
  4.  1.  1.  9.  2.  0.  0.  0.  0.  0.  0.  0.  0.  0.  0.  0.  0.  0.
  0.  7.  3.  3. -1.  5.  4.  1.  9.  2.  2.  0.  0.  0.  0.  0.  0.  0.
  0.  6. 10. -1.  5. -1.  4.  4.  4.  1.  9.  9.  0.  0.  0.  0.  0.  0.
  0. -1.  6.  4.  4.  1.  8.  0.  0.  0.  0.  0.  0.  0.  0.  0.  0.  7.
 -1. -1.  1.  1.  9.  0.  0.  0.  0.  0.  0.  0.  0.  0.  0.  0.  6. -1.
  5.  4.  0.  0.  0.  0.  0.  0.  0.  0.  0.  0.  6. 10.  7.  3.  3.  4.
  4.  1.  8.  0.  0.  0.  0.  0.  0.  0.  0.  6.  6.  3. -1. -1.  5.  5.
  4.  4.  4.  1.  1.  2.  8.  0.  0.  0.  0.  0. -1.  4.  1.  1.  2.  2.
  0.  0.  0.  0.  0.  0.  0. 10.  7.  7.  3.  4.  4.  1.  1.  1.  2.  0.
  0.  0.  0.  0.  0.  0.  0.  0.  0.  0.  0.  6. 10. -1.  3. -1.  5.  1.
  2.  0.  0.  0.  0.  0.  0.  0.  0.  0.  0.  3. -1.  4.  4.  1.  9.  2.
  0.  0.  0.  0.  0.  0.  0.  0.  0.  0.  0. 10. 10. 10.  1.  1.  1.  1.
  1.  2.  2.  0.  0.  0.  0.  0.  0.  0.  0.  0.  3.  4.  4.  1.  1.  2.
  0.  0.  0.  0.  0.  0.  0.  0. 10.  4.], Points: 568, Length: 568, Window: 300.0
Labels: [ 2.  0.  0.  0.  0.  0. -1. -1. -1.  4.  4.  2.  0.  0.  0.  0.  0.  0.
  0.  0.  0.  6.  7.  3.  3. -1.  5.  1.  1.  1.  9.  8.  0.  0.  0.  0.
  0.  0.  0.  0.  3. -1. -1. -1.  5. -1.  4.  1.  1.  8.  0.  0.  0.  0.
  0.  0.  0.  0.  0.  0.  3.  3. -1.  5. -1.  4.  4.  1.  1.  1.  1.  1.
 -1.  2.  8.  0.  0.  0.  0.  0.  7.  7.  3. -1. -1. -1.  1.  1.  1.  1.
  1.  2.  0.  0.  0.  0.  0.  0. 10. 10.  3.  3. -1. -1.  5. -1. -1.  4.
  4.  1.  1.  1. -1.  2.  2.  2.  2.  0.  0.  3. -1. -1.  5. -1.  4.  4.
  1.  1.  2.  2.  2.  0.  0.  0.  0.  0.  0.  0.  0.  0.  0.  0.  0.  7.
  7.  7.  3.  3.  3. -1. -1.  5. -1.  4.  4.  4.  1.  1.  1.  1.  1.  1.
  1.  1.  2.  0.  0.  0.  0.  0.  6.  3.  3.  3. -1.  4.  4.  4.  1.  2.
  2.  8.  8.  0.  0.  0.  0.  0.  0.  0.  0.  6.  3. -1. -1.  4.  4.  1.
  1.  1.  1.  1.  1.  2.  0.  0.  0.  0.  0.  0.  0. -1. -1.  4.  4.  4.
  1.  1.  1. -1.  9.  2.  0.  0.  0.  0.  0.  6.  3. -1. -1. -1.  4.  4.
  0.  0.  0.  0.  0.  0.  0.  0.  0.  0.  0.  0.  0.  0.  0.  0.  0.  6.
 -1. -1.  5. -1.  4.  4.  4.  1.  1.  0.  0.  0.  0.  0.  0.  0.  0.  0.
  0.  0.  0.  6.  3. -1.  5.  9.  2.  2.  8.  0.  0.  0.  0.  0.  0.  0.
  0.  0. -1.  0.  0.  0.  0.  0.  0.  0.  0.  0.  0.  0.  0.  0.  6.  6.
  3. -1.  5.  4.  4.  4.  9.  2.  8.  0.  0.  0.  0.  0.  0.  0.  7.  3.
  4.  1.  1.  9.  2.  0.  0.  0.  0.  0.  0.  0.  0.  0.  0.  0.  0.  0.
  0.  7.  3.  3. -1.  5.  4.  1.  9.  2.  2.  0.  0.  0.  0.  0.  0.  0.
  0.  6. 10. -1.  5. -1.  4.  4.  4.  1.  9.  9.  0.  0.  0.  0.  0.  0.
  0. -1.  6.  4.  4.  1.  8.  0.  0.  0.  0.  0.  0.  0.  0.  0.  0.  7.
 -1. -1.  1.  1.  9.  0.  0.  0.  0.  0.  0.  0.  0.  0.  0.  0.  6. -1.
  5.  4.  0.  0.  0.  0.  0.  0.  0.  0.  0.  0.  6. 10.  7.  3.  3.  4.
  4.  1.  8.  0.  0.  0.  0.  0.  0.  0.  0.  6.  6.  3. -1. -1.  5.  5.
  4.  4.  4.  1.  1.  2.  8.  0.  0.  0.  0.  0. -1.  4.  1.  1.  2.  2.
  0.  0.  0.  0.  0.  0.  0. 10.  7.  7.  3.  4.  4.  1.  1.  1.  2.  0.
  0.  0.  0.  0.  0.  0.  0.  0.  0.  0.  0.  6. 10. -1.  3. -1.  5.  1.
  2.  0.  0.  0.  0.  0.  0.  0.  0.  0.  0.  3. -1.  4.  4.  1.  9.  2.
  0.  0.  0.  0.  0.  0.  0.  0.  0.  0.  0. 10. 10. 10.  1.  1.  1.  1.
  1.  2.  2.  0.  0.  0.  0.  0.  0.  0.  0.  0.  3.  4.  4.  1.  1.  2.
  0.  0.  0.  0.  0.  0.  0.  0. 10.  4.  0.  0.  0.  0.  0.  0.  0.  0.
  0.  0.  0.  0.  5.  5.  5.  1.  1.  1.], Points: 586, Length: 586, Window: 310.0
Labels: [ 2.  0.  0.  0.  0.  0. -1. -1. -1.  4.  4.  2.  0.  0.  0.  0.  0.  0.
  0.  0.  0.  6.  7.  3.  3. -1.  5.  1.  1.  1.  9.  8.  0.  0.  0.  0.
  0.  0.  0.  0.  3. -1. -1. -1.  5. -1.  4.  1.  1.  8.  0.  0.  0.  0.
  0.  0.  0.  0.  0.  0.  3.  3. -1.  5. -1.  4.  4.  1.  1.  1.  1.  1.
 -1.  2.  8.  0.  0.  0.  0.  0.  7.  7.  3. -1. -1. -1.  1.  1.  1.  1.
  1.  2.  0.  0.  0.  0.  0.  0. 10. 10.  3.  3. -1. -1.  5. -1. -1.  4.
  4.  1.  1.  1. -1.  2.  2.  2.  2.  0.  0.  3. -1. -1.  5. -1.  4.  4.
  1.  1.  2.  2.  2.  0.  0.  0.  0.  0.  0.  0.  0.  0.  0.  0.  0.  7.
  7.  7.  3.  3.  3. -1. -1.  5. -1.  4.  4.  4.  1.  1.  1.  1.  1.  1.
  1.  1.  2.  0.  0.  0.  0.  0.  6.  3.  3.  3. -1.  4.  4.  4.  1.  2.
  2.  8.  8.  0.  0.  0.  0.  0.  0.  0.  0.  6.  3. -1. -1.  4.  4.  1.
  1.  1.  1.  1.  1.  2.  0.  0.  0.  0.  0.  0.  0. -1. -1.  4.  4.  4.
  1.  1.  1. -1.  9.  2.  0.  0.  0.  0.  0.  6.  3. -1. -1. -1.  4.  4.
  0.  0.  0.  0.  0.  0.  0.  0.  0.  0.  0.  0.  0.  0.  0.  0.  0.  6.
 -1. -1.  5. -1.  4.  4.  4.  1.  1.  0.  0.  0.  0.  0.  0.  0.  0.  0.
  0.  0.  0.  6.  3. -1.  5.  9.  2.  2.  8.  0.  0.  0.  0.  0.  0.  0.
  0.  0. -1.  0.  0.  0.  0.  0.  0.  0.  0.  0.  0.  0.  0.  0.  6.  6.
  3. -1.  5.  4.  4.  4.  9.  2.  8.  0.  0.  0.  0.  0.  0.  0.  7.  3.
  4.  1.  1.  9.  2.  0.  0.  0.  0.  0.  0.  0.  0.  0.  0.  0.  0.  0.
  0.  7.  3.  3. -1.  5.  4.  1.  9.  2.  2.  0.  0.  0.  0.  0.  0.  0.
  0.  6. 10. -1.  5. -1.  4.  4.  4.  1.  9.  9.  0.  0.  0.  0.  0.  0.
  0. -1.  6.  4.  4.  1.  8.  0.  0.  0.  0.  0.  0.  0.  0.  0.  0.  7.
 -1. -1.  1.  1.  9.  0.  0.  0.  0.  0.  0.  0.  0.  0.  0.  0.  6. -1.
  5.  4.  0.  0.  0.  0.  0.  0.  0.  0.  0.  0.  6. 10.  7.  3.  3.  4.
  4.  1.  8.  0.  0.  0.  0.  0.  0.  0.  0.  6.  6.  3. -1. -1.  5.  5.
  4.  4.  4.  1.  1.  2.  8.  0.  0.  0.  0.  0. -1.  4.  1.  1.  2.  2.
  0.  0.  0.  0.  0.  0.  0. 10.  7.  7.  3.  4.  4.  1.  1.  1.  2.  0.
  0.  0.  0.  0.  0.  0.  0.  0.  0.  0.  0.  6. 10. -1.  3. -1.  5.  1.
  2.  0.  0.  0.  0.  0.  0.  0.  0.  0.  0.  3. -1.  4.  4.  1.  9.  2.
  0.  0.  0.  0.  0.  0.  0.  0.  0.  0.  0. 10. 10. 10.  1.  1.  1.  1.
  1.  2.  2.  0.  0.  0.  0.  0.  0.  0.  0.  0.  3.  4.  4.  1.  1.  2.
  0.  0.  0.  0.  0.  0.  0.  0. 10.  4.  0.  0.  0.  0.  0.  0.  0.  0.
  0.  0.  0.  0.  5.  5.  5.  1.  1.  1.  9.  2.  2.  0.  0.  0.  0.  0.
  0.  0.  0.  0.  0.  0.  0.  0.  0. 10.  7. -1.  5.  5.  1.], Points: 609, Length: 609, Window: 320.0
Labels: [ 2.  0.  0.  0.  0.  0. -1. -1. -1.  4.  4.  2.  0.  0.  0.  0.  0.  0.
  0.  0.  0.  6.  7.  3.  3. -1.  5.  1.  1.  1.  9.  8.  0.  0.  0.  0.
  0.  0.  0.  0.  3. -1. -1. -1.  5. -1.  4.  1.  1.  8.  0.  0.  0.  0.
  0.  0.  0.  0.  0.  0.  3.  3. -1.  5. -1.  4.  4.  1.  1.  1.  1.  1.
 -1.  2.  8.  0.  0.  0.  0.  0.  7.  7.  3. -1. -1. -1.  1.  1.  1.  1.
  1.  2.  0.  0.  0.  0.  0.  0. 10. 10.  3.  3. -1. -1.  5. -1. -1.  4.
  4.  1.  1.  1. -1.  2.  2.  2.  2.  0.  0.  3. -1. -1.  5. -1.  4.  4.
  1.  1.  2.  2.  2.  0.  0.  0.  0.  0.  0.  0.  0.  0.  0.  0.  0.  7.
  7.  7.  3.  3.  3. -1. -1.  5. -1.  4.  4.  4.  1.  1.  1.  1.  1.  1.
  1.  1.  2.  0.  0.  0.  0.  0.  6.  3.  3.  3. -1.  4.  4.  4.  1.  2.
  2.  8.  8.  0.  0.  0.  0.  0.  0.  0.  0.  6.  3. -1. -1.  4.  4.  1.
  1.  1.  1.  1.  1.  2.  0.  0.  0.  0.  0.  0.  0. -1. -1.  4.  4.  4.
  1.  1.  1. -1.  9.  2.  0.  0.  0.  0.  0.  6.  3. -1. -1. -1.  4.  4.
  0.  0.  0.  0.  0.  0.  0.  0.  0.  0.  0.  0.  0.  0.  0.  0.  0.  6.
 -1. -1.  5. -1.  4.  4.  4.  1.  1.  0.  0.  0.  0.  0.  0.  0.  0.  0.
  0.  0.  0.  6.  3. -1.  5.  9.  2.  2.  8.  0.  0.  0.  0.  0.  0.  0.
  0.  0. -1.  0.  0.  0.  0.  0.  0.  0.  0.  0.  0.  0.  0.  0.  6.  6.
  3. -1.  5.  4.  4.  4.  9.  2.  8.  0.  0.  0.  0.  0.  0.  0.  7.  3.
  4.  1.  1.  9.  2.  0.  0.  0.  0.  0.  0.  0.  0.  0.  0.  0.  0.  0.
  0.  7.  3.  3. -1.  5.  4.  1.  9.  2.  2.  0.  0.  0.  0.  0.  0.  0.
  0.  6. 10. -1.  5. -1.  4.  4.  4.  1.  9.  9.  0.  0.  0.  0.  0.  0.
  0. -1.  6.  4.  4.  1.  8.  0.  0.  0.  0.  0.  0.  0.  0.  0.  0.  7.
 -1. -1.  1.  1.  9.  0.  0.  0.  0.  0.  0.  0.  0.  0.  0.  0.  6. -1.
  5.  4.  0.  0.  0.  0.  0.  0.  0.  0.  0.  0.  6. 10.  7.  3.  3.  4.
  4.  1.  8.  0.  0.  0.  0.  0.  0.  0.  0.  6.  6.  3. -1. -1.  5.  5.
  4.  4.  4.  1.  1.  2.  8.  0.  0.  0.  0.  0. -1.  4.  1.  1.  2.  2.
  0.  0.  0.  0.  0.  0.  0. 10.  7.  7.  3.  4.  4.  1.  1.  1.  2.  0.
  0.  0.  0.  0.  0.  0.  0.  0.  0.  0.  0.  6. 10. -1.  3. -1.  5.  1.
  2.  0.  0.  0.  0.  0.  0.  0.  0.  0.  0.  3. -1.  4.  4.  1.  9.  2.
  0.  0.  0.  0.  0.  0.  0.  0.  0.  0.  0. 10. 10. 10.  1.  1.  1.  1.
  1.  2.  2.  0.  0.  0.  0.  0.  0.  0.  0.  0.  3.  4.  4.  1.  1.  2.
  0.  0.  0.  0.  0.  0.  0.  0. 10.  4.  0.  0.  0.  0.  0.  0.  0.  0.
  0.  0.  0.  0.  5.  5.  5.  1.  1.  1.  9.  2.  2.  0.  0.  0.  0.  0.
  0.  0.  0.  0.  0.  0.  0.  0.  0. 10.  7. -1.  5.  5.  1. -1.  9.  2.
  2.  2.  8.  0.  0.  0.  0.  6.  4.  1.], Points: 622, Length: 622, Window: 330.0
Labels: [ 2.  0.  0.  0.  0.  0. -1. -1. -1.  4.  4.  2.  0.  0.  0.  0.  0.  0.
  0.  0.  0.  6.  7.  3.  3. -1.  5.  1.  1.  1.  9.  8.  0.  0.  0.  0.
  0.  0.  0.  0.  3. -1. -1. -1.  5. -1.  4.  1.  1.  8.  0.  0.  0.  0.
  0.  0.  0.  0.  0.  0.  3.  3. -1.  5. -1.  4.  4.  1.  1.  1.  1.  1.
 -1.  2.  8.  0.  0.  0.  0.  0.  7.  7.  3. -1. -1. -1.  1.  1.  1.  1.
  1.  2.  0.  0.  0.  0.  0.  0. 10. 10.  3.  3. -1. -1.  5. -1. -1.  4.
  4.  1.  1.  1. -1.  2.  2.  2.  2.  0.  0.  3. -1. -1.  5. -1.  4.  4.
  1.  1.  2.  2.  2.  0.  0.  0.  0.  0.  0.  0.  0.  0.  0.  0.  0.  7.
  7.  7.  3.  3.  3. -1. -1.  5. -1.  4.  4.  4.  1.  1.  1.  1.  1.  1.
  1.  1.  2.  0.  0.  0.  0.  0.  6.  3.  3.  3. -1.  4.  4.  4.  1.  2.
  2.  8.  8.  0.  0.  0.  0.  0.  0.  0.  0.  6.  3. -1. -1.  4.  4.  1.
  1.  1.  1.  1.  1.  2.  0.  0.  0.  0.  0.  0.  0. -1. -1.  4.  4.  4.
  1.  1.  1. -1.  9.  2.  0.  0.  0.  0.  0.  6.  3. -1. -1. -1.  4.  4.
  0.  0.  0.  0.  0.  0.  0.  0.  0.  0.  0.  0.  0.  0.  0.  0.  0.  6.
 -1. -1.  5. -1.  4.  4.  4.  1.  1.  0.  0.  0.  0.  0.  0.  0.  0.  0.
  0.  0.  0.  6.  3. -1.  5.  9.  2.  2.  8.  0.  0.  0.  0.  0.  0.  0.
  0.  0. -1.  0.  0.  0.  0.  0.  0.  0.  0.  0.  0.  0.  0.  0.  6.  6.
  3. -1.  5.  4.  4.  4.  9.  2.  8.  0.  0.  0.  0.  0.  0.  0.  7.  3.
  4.  1.  1.  9.  2.  0.  0.  0.  0.  0.  0.  0.  0.  0.  0.  0.  0.  0.
  0.  7.  3.  3. -1.  5.  4.  1.  9.  2.  2.  0.  0.  0.  0.  0.  0.  0.
  0.  6. 10. -1.  5. -1.  4.  4.  4.  1.  9.  9.  0.  0.  0.  0.  0.  0.
  0. -1.  6.  4.  4.  1.  8.  0.  0.  0.  0.  0.  0.  0.  0.  0.  0.  7.
 -1. -1.  1.  1.  9.  0.  0.  0.  0.  0.  0.  0.  0.  0.  0.  0.  6. -1.
  5.  4.  0.  0.  0.  0.  0.  0.  0.  0.  0.  0.  6. 10.  7.  3.  3.  4.
  4.  1.  8.  0.  0.  0.  0.  0.  0.  0.  0.  6.  6.  3. -1. -1.  5.  5.
  4.  4.  4.  1.  1.  2.  8.  0.  0.  0.  0.  0. -1.  4.  1.  1.  2.  2.
  0.  0.  0.  0.  0.  0.  0. 10.  7.  7.  3.  4.  4.  1.  1.  1.  2.  0.
  0.  0.  0.  0.  0.  0.  0.  0.  0.  0.  0.  6. 10. -1.  3. -1.  5.  1.
  2.  0.  0.  0.  0.  0.  0.  0.  0.  0.  0.  3. -1.  4.  4.  1.  9.  2.
  0.  0.  0.  0.  0.  0.  0.  0.  0.  0.  0. 10. 10. 10.  1.  1.  1.  1.
  1.  2.  2.  0.  0.  0.  0.  0.  0.  0.  0.  0.  3.  4.  4.  1.  1.  2.
  0.  0.  0.  0.  0.  0.  0.  0. 10.  4.  0.  0.  0.  0.  0.  0.  0.  0.
  0.  0.  0.  0.  5.  5.  5.  1.  1.  1.  9.  2.  2.  0.  0.  0.  0.  0.
  0.  0.  0.  0.  0.  0.  0.  0.  0. 10.  7. -1.  5.  5.  1. -1.  9.  2.
  2.  2.  8.  0.  0.  0.  0.  6.  4.  1.  9.  2.  2.  0.  0.  0.  0.  0.
  0.  0.  0.  0.  6.  6.  6.  3.  4.  4.  4.], Points: 641, Length: 641, Window: 340.0
Labels: [ 2.  0.  0.  0.  0.  0. -1. -1. -1.  4.  4.  2.  0.  0.  0.  0.  0.  0.
  0.  0.  0.  6.  7.  3.  3. -1.  5.  1.  1.  1.  9.  8.  0.  0.  0.  0.
  0.  0.  0.  0.  3. -1. -1. -1.  5. -1.  4.  1.  1.  8.  0.  0.  0.  0.
  0.  0.  0.  0.  0.  0.  3.  3. -1.  5. -1.  4.  4.  1.  1.  1.  1.  1.
 -1.  2.  8.  0.  0.  0.  0.  0.  7.  7.  3. -1. -1. -1.  1.  1.  1.  1.
  1.  2.  0.  0.  0.  0.  0.  0. 10. 10.  3.  3. -1. -1.  5. -1. -1.  4.
  4.  1.  1.  1. -1.  2.  2.  2.  2.  0.  0.  3. -1. -1.  5. -1.  4.  4.
  1.  1.  2.  2.  2.  0.  0.  0.  0.  0.  0.  0.  0.  0.  0.  0.  0.  7.
  7.  7.  3.  3.  3. -1. -1.  5. -1.  4.  4.  4.  1.  1.  1.  1.  1.  1.
  1.  1.  2.  0.  0.  0.  0.  0.  6.  3.  3.  3. -1.  4.  4.  4.  1.  2.
  2.  8.  8.  0.  0.  0.  0.  0.  0.  0.  0.  6.  3. -1. -1.  4.  4.  1.
  1.  1.  1.  1.  1.  2.  0.  0.  0.  0.  0.  0.  0. -1. -1.  4.  4.  4.
  1.  1.  1. -1.  9.  2.  0.  0.  0.  0.  0.  6.  3. -1. -1. -1.  4.  4.
  0.  0.  0.  0.  0.  0.  0.  0.  0.  0.  0.  0.  0.  0.  0.  0.  0.  6.
 -1. -1.  5. -1.  4.  4.  4.  1.  1.  0.  0.  0.  0.  0.  0.  0.  0.  0.
  0.  0.  0.  6.  3. -1.  5.  9.  2.  2.  8.  0.  0.  0.  0.  0.  0.  0.
  0.  0. -1.  0.  0.  0.  0.  0.  0.  0.  0.  0.  0.  0.  0.  0.  6.  6.
  3. -1.  5.  4.  4.  4.  9.  2.  8.  0.  0.  0.  0.  0.  0.  0.  7.  3.
  4.  1.  1.  9.  2.  0.  0.  0.  0.  0.  0.  0.  0.  0.  0.  0.  0.  0.
  0.  7.  3.  3. -1.  5.  4.  1.  9.  2.  2.  0.  0.  0.  0.  0.  0.  0.
  0.  6. 10. -1.  5. -1.  4.  4.  4.  1.  9.  9.  0.  0.  0.  0.  0.  0.
  0. -1.  6.  4.  4.  1.  8.  0.  0.  0.  0.  0.  0.  0.  0.  0.  0.  7.
 -1. -1.  1.  1.  9.  0.  0.  0.  0.  0.  0.  0.  0.  0.  0.  0.  6. -1.
  5.  4.  0.  0.  0.  0.  0.  0.  0.  0.  0.  0.  6. 10.  7.  3.  3.  4.
  4.  1.  8.  0.  0.  0.  0.  0.  0.  0.  0.  6.  6.  3. -1. -1.  5.  5.
  4.  4.  4.  1.  1.  2.  8.  0.  0.  0.  0.  0. -1.  4.  1.  1.  2.  2.
  0.  0.  0.  0.  0.  0.  0. 10.  7.  7.  3.  4.  4.  1.  1.  1.  2.  0.
  0.  0.  0.  0.  0.  0.  0.  0.  0.  0.  0.  6. 10. -1.  3. -1.  5.  1.
  2.  0.  0.  0.  0.  0.  0.  0.  0.  0.  0.  3. -1.  4.  4.  1.  9.  2.
  0.  0.  0.  0.  0.  0.  0.  0.  0.  0.  0. 10. 10. 10.  1.  1.  1.  1.
  1.  2.  2.  0.  0.  0.  0.  0.  0.  0.  0.  0.  3.  4.  4.  1.  1.  2.
  0.  0.  0.  0.  0.  0.  0.  0. 10.  4.  0.  0.  0.  0.  0.  0.  0.  0.
  0.  0.  0.  0.  5.  5.  5.  1.  1.  1.  9.  2.  2.  0.  0.  0.  0.  0.
  0.  0.  0.  0.  0.  0.  0.  0.  0. 10.  7. -1.  5.  5.  1. -1.  9.  2.
  2.  2.  8.  0.  0.  0.  0.  6.  4.  1.  9.  2.  2.  0.  0.  0.  0.  0.
  0.  0.  0.  0.  6.  6.  6.  3.  4.  4.  4.  9.  9.  9.  8.  0.  0.  0.
  0.  0.  0.  0.  0.  0.  0.  0.  0.  0.  0.  0.  0.  7.  5.  4.  4.  1.], Points: 666, Length: 666, Window: 350.0
Labels: [ 2.  0.  0.  0.  0.  0. -1. -1. -1.  4.  4.  2.  0.  0.  0.  0.  0.  0.
  0.  0.  0.  6.  7.  3.  3. -1.  5.  1.  1.  1.  9.  8.  0.  0.  0.  0.
  0.  0.  0.  0.  3. -1. -1. -1.  5. -1.  4.  1.  1.  8.  0.  0.  0.  0.
  0.  0.  0.  0.  0.  0.  3.  3. -1.  5. -1.  4.  4.  1.  1.  1.  1.  1.
 -1.  2.  8.  0.  0.  0.  0.  0.  7.  7.  3. -1. -1. -1.  1.  1.  1.  1.
  1.  2.  0.  0.  0.  0.  0.  0. 10. 10.  3.  3. -1. -1.  5. -1. -1.  4.
  4.  1.  1.  1. -1.  2.  2.  2.  2.  0.  0.  3. -1. -1.  5. -1.  4.  4.
  1.  1.  2.  2.  2.  0.  0.  0.  0.  0.  0.  0.  0.  0.  0.  0.  0.  7.
  7.  7.  3.  3.  3. -1. -1.  5. -1.  4.  4.  4.  1.  1.  1.  1.  1.  1.
  1.  1.  2.  0.  0.  0.  0.  0.  6.  3.  3.  3. -1.  4.  4.  4.  1.  2.
  2.  8.  8.  0.  0.  0.  0.  0.  0.  0.  0.  6.  3. -1. -1.  4.  4.  1.
  1.  1.  1.  1.  1.  2.  0.  0.  0.  0.  0.  0.  0. -1. -1.  4.  4.  4.
  1.  1.  1. -1.  9.  2.  0.  0.  0.  0.  0.  6.  3. -1. -1. -1.  4.  4.
  0.  0.  0.  0.  0.  0.  0.  0.  0.  0.  0.  0.  0.  0.  0.  0.  0.  6.
 -1. -1.  5. -1.  4.  4.  4.  1.  1.  0.  0.  0.  0.  0.  0.  0.  0.  0.
  0.  0.  0.  6.  3. -1.  5.  9.  2.  2.  8.  0.  0.  0.  0.  0.  0.  0.
  0.  0. -1.  0.  0.  0.  0.  0.  0.  0.  0.  0.  0.  0.  0.  0.  6.  6.
  3. -1.  5.  4.  4.  4.  9.  2.  8.  0.  0.  0.  0.  0.  0.  0.  7.  3.
  4.  1.  1.  9.  2.  0.  0.  0.  0.  0.  0.  0.  0.  0.  0.  0.  0.  0.
  0.  7.  3.  3. -1.  5.  4.  1.  9.  2.  2.  0.  0.  0.  0.  0.  0.  0.
  0.  6. 10. -1.  5. -1.  4.  4.  4.  1.  9.  9.  0.  0.  0.  0.  0.  0.
  0. -1.  6.  4.  4.  1.  8.  0.  0.  0.  0.  0.  0.  0.  0.  0.  0.  7.
 -1. -1.  1.  1.  9.  0.  0.  0.  0.  0.  0.  0.  0.  0.  0.  0.  6. -1.
  5.  4.  0.  0.  0.  0.  0.  0.  0.  0.  0.  0.  6. 10.  7.  3.  3.  4.
  4.  1.  8.  0.  0.  0.  0.  0.  0.  0.  0.  6.  6.  3. -1. -1.  5.  5.
  4.  4.  4.  1.  1.  2.  8.  0.  0.  0.  0.  0. -1.  4.  1.  1.  2.  2.
  0.  0.  0.  0.  0.  0.  0. 10.  7.  7.  3.  4.  4.  1.  1.  1.  2.  0.
  0.  0.  0.  0.  0.  0.  0.  0.  0.  0.  0.  6. 10. -1.  3. -1.  5.  1.
  2.  0.  0.  0.  0.  0.  0.  0.  0.  0.  0.  3. -1.  4.  4.  1.  9.  2.
  0.  0.  0.  0.  0.  0.  0.  0.  0.  0.  0. 10. 10. 10.  1.  1.  1.  1.
  1.  2.  2.  0.  0.  0.  0.  0.  0.  0.  0.  0.  3.  4.  4.  1.  1.  2.
  0.  0.  0.  0.  0.  0.  0.  0. 10.  4.  0.  0.  0.  0.  0.  0.  0.  0.
  0.  0.  0.  0.  5.  5.  5.  1.  1.  1.  9.  2.  2.  0.  0.  0.  0.  0.
  0.  0.  0.  0.  0.  0.  0.  0.  0. 10.  7. -1.  5.  5.  1. -1.  9.  2.
  2.  2.  8.  0.  0.  0.  0.  6.  4.  1.  9.  2.  2.  0.  0.  0.  0.  0.
  0.  0.  0.  0.  6.  6.  6.  3.  4.  4.  4.  9.  9.  9.  8.  0.  0.  0.
  0.  0.  0.  0.  0.  0.  0.  0.  0.  0.  0.  0.  0.  7.  5.  4.  4.  1.
  2.  0.  0.  0.  0.  0.  0.  0.  0.  0.  6. -1. -1.  5. -1.  4.  1.  1.], Points: 684, Length: 684, Window: 360.0
Labels: [ 2.  0.  0.  0.  0.  0. -1. -1. -1.  4.  4.  2.  0.  0.  0.  0.  0.  0.
  0.  0.  0.  6.  7.  3.  3. -1.  5.  1.  1.  1.  9.  8.  0.  0.  0.  0.
  0.  0.  0.  0.  3. -1. -1. -1.  5. -1.  4.  1.  1.  8.  0.  0.  0.  0.
  0.  0.  0.  0.  0.  0.  3.  3. -1.  5. -1.  4.  4.  1.  1.  1.  1.  1.
 -1.  2.  8.  0.  0.  0.  0.  0.  7.  7.  3. -1. -1. -1.  1.  1.  1.  1.
  1.  2.  0.  0.  0.  0.  0.  0. 10. 10.  3.  3. -1. -1.  5. -1. -1.  4.
  4.  1.  1.  1. -1.  2.  2.  2.  2.  0.  0.  3. -1. -1.  5. -1.  4.  4.
  1.  1.  2.  2.  2.  0.  0.  0.  0.  0.  0.  0.  0.  0.  0.  0.  0.  7.
  7.  7.  3.  3.  3. -1. -1.  5. -1.  4.  4.  4.  1.  1.  1.  1.  1.  1.
  1.  1.  2.  0.  0.  0.  0.  0.  6.  3.  3.  3. -1.  4.  4.  4.  1.  2.
  2.  8.  8.  0.  0.  0.  0.  0.  0.  0.  0.  6.  3. -1. -1.  4.  4.  1.
  1.  1.  1.  1.  1.  2.  0.  0.  0.  0.  0.  0.  0. -1. -1.  4.  4.  4.
  1.  1.  1. -1.  9.  2.  0.  0.  0.  0.  0.  6.  3. -1. -1. -1.  4.  4.
  0.  0.  0.  0.  0.  0.  0.  0.  0.  0.  0.  0.  0.  0.  0.  0.  0.  6.
 -1. -1.  5. -1.  4.  4.  4.  1.  1.  0.  0.  0.  0.  0.  0.  0.  0.  0.
  0.  0.  0.  6.  3. -1.  5.  9.  2.  2.  8.  0.  0.  0.  0.  0.  0.  0.
  0.  0. -1.  0.  0.  0.  0.  0.  0.  0.  0.  0.  0.  0.  0.  0.  6.  6.
  3. -1.  5.  4.  4.  4.  9.  2.  8.  0.  0.  0.  0.  0.  0.  0.  7.  3.
  4.  1.  1.  9.  2.  0.  0.  0.  0.  0.  0.  0.  0.  0.  0.  0.  0.  0.
  0.  7.  3.  3. -1.  5.  4.  1.  9.  2.  2.  0.  0.  0.  0.  0.  0.  0.
  0.  6. 10. -1.  5. -1.  4.  4.  4.  1.  9.  9.  0.  0.  0.  0.  0.  0.
  0. -1.  6.  4.  4.  1.  8.  0.  0.  0.  0.  0.  0.  0.  0.  0.  0.  7.
 -1. -1.  1.  1.  9.  0.  0.  0.  0.  0.  0.  0.  0.  0.  0.  0.  6. -1.
  5.  4.  0.  0.  0.  0.  0.  0.  0.  0.  0.  0.  6. 10.  7.  3.  3.  4.
  4.  1.  8.  0.  0.  0.  0.  0.  0.  0.  0.  6.  6.  3. -1. -1.  5.  5.
  4.  4.  4.  1.  1.  2.  8.  0.  0.  0.  0.  0. -1.  4.  1.  1.  2.  2.
  0.  0.  0.  0.  0.  0.  0. 10.  7.  7.  3.  4.  4.  1.  1.  1.  2.  0.
  0.  0.  0.  0.  0.  0.  0.  0.  0.  0.  0.  6. 10. -1.  3. -1.  5.  1.
  2.  0.  0.  0.  0.  0.  0.  0.  0.  0.  0.  3. -1.  4.  4.  1.  9.  2.
  0.  0.  0.  0.  0.  0.  0.  0.  0.  0.  0. 10. 10. 10.  1.  1.  1.  1.
  1.  2.  2.  0.  0.  0.  0.  0.  0.  0.  0.  0.  3.  4.  4.  1.  1.  2.
  0.  0.  0.  0.  0.  0.  0.  0. 10.  4.  0.  0.  0.  0.  0.  0.  0.  0.
  0.  0.  0.  0.  5.  5.  5.  1.  1.  1.  9.  2.  2.  0.  0.  0.  0.  0.
  0.  0.  0.  0.  0.  0.  0.  0.  0. 10.  7. -1.  5.  5.  1. -1.  9.  2.
  2.  2.  8.  0.  0.  0.  0.  6.  4.  1.  9.  2.  2.  0.  0.  0.  0.  0.
  0.  0.  0.  0.  6.  6.  6.  3.  4.  4.  4.  9.  9.  9.  8.  0.  0.  0.
  0.  0.  0.  0.  0.  0.  0.  0.  0.  0.  0.  0.  0.  7.  5.  4.  4.  1.
  2.  0.  0.  0.  0.  0.  0.  0.  0.  0.  6. -1. -1.  5. -1.  4.  1.  1.
 -1.  2.  2.  0.  0.  0.  0.  0. 10.  3.  4.  1.  1.  1.], Points: 698, Length: 698, Window: 370.0
Labels: [ 2.  0.  0.  0.  0.  0. -1. -1. -1.  4.  4.  2.  0.  0.  0.  0.  0.  0.
  0.  0.  0.  6.  7.  3.  3. -1.  5.  1.  1.  1.  9.  8.  0.  0.  0.  0.
  0.  0.  0.  0.  3. -1. -1. -1.  5. -1.  4.  1.  1.  8.  0.  0.  0.  0.
  0.  0.  0.  0.  0.  0.  3.  3. -1.  5. -1.  4.  4.  1.  1.  1.  1.  1.
 -1.  2.  8.  0.  0.  0.  0.  0.  7.  7.  3. -1. -1. -1.  1.  1.  1.  1.
  1.  2.  0.  0.  0.  0.  0.  0. 10. 10.  3.  3. -1. -1.  5. -1. -1.  4.
  4.  1.  1.  1. -1.  2.  2.  2.  2.  0.  0.  3. -1. -1.  5. -1.  4.  4.
  1.  1.  2.  2.  2.  0.  0.  0.  0.  0.  0.  0.  0.  0.  0.  0.  0.  7.
  7.  7.  3.  3.  3. -1. -1.  5. -1.  4.  4.  4.  1.  1.  1.  1.  1.  1.
  1.  1.  2.  0.  0.  0.  0.  0.  6.  3.  3.  3. -1.  4.  4.  4.  1.  2.
  2.  8.  8.  0.  0.  0.  0.  0.  0.  0.  0.  6.  3. -1. -1.  4.  4.  1.
  1.  1.  1.  1.  1.  2.  0.  0.  0.  0.  0.  0.  0. -1. -1.  4.  4.  4.
  1.  1.  1. -1.  9.  2.  0.  0.  0.  0.  0.  6.  3. -1. -1. -1.  4.  4.
  0.  0.  0.  0.  0.  0.  0.  0.  0.  0.  0.  0.  0.  0.  0.  0.  0.  6.
 -1. -1.  5. -1.  4.  4.  4.  1.  1.  0.  0.  0.  0.  0.  0.  0.  0.  0.
  0.  0.  0.  6.  3. -1.  5.  9.  2.  2.  8.  0.  0.  0.  0.  0.  0.  0.
  0.  0. -1.  0.  0.  0.  0.  0.  0.  0.  0.  0.  0.  0.  0.  0.  6.  6.
  3. -1.  5.  4.  4.  4.  9.  2.  8.  0.  0.  0.  0.  0.  0.  0.  7.  3.
  4.  1.  1.  9.  2.  0.  0.  0.  0.  0.  0.  0.  0.  0.  0.  0.  0.  0.
  0.  7.  3.  3. -1.  5.  4.  1.  9.  2.  2.  0.  0.  0.  0.  0.  0.  0.
  0.  6. 10. -1.  5. -1.  4.  4.  4.  1.  9.  9.  0.  0.  0.  0.  0.  0.
  0. -1.  6.  4.  4.  1.  8.  0.  0.  0.  0.  0.  0.  0.  0.  0.  0.  7.
 -1. -1.  1.  1.  9.  0.  0.  0.  0.  0.  0.  0.  0.  0.  0.  0.  6. -1.
  5.  4.  0.  0.  0.  0.  0.  0.  0.  0.  0.  0.  6. 10.  7.  3.  3.  4.
  4.  1.  8.  0.  0.  0.  0.  0.  0.  0.  0.  6.  6.  3. -1. -1.  5.  5.
  4.  4.  4.  1.  1.  2.  8.  0.  0.  0.  0.  0. -1.  4.  1.  1.  2.  2.
  0.  0.  0.  0.  0.  0.  0. 10.  7.  7.  3.  4.  4.  1.  1.  1.  2.  0.
  0.  0.  0.  0.  0.  0.  0.  0.  0.  0.  0.  6. 10. -1.  3. -1.  5.  1.
  2.  0.  0.  0.  0.  0.  0.  0.  0.  0.  0.  3. -1.  4.  4.  1.  9.  2.
  0.  0.  0.  0.  0.  0.  0.  0.  0.  0.  0. 10. 10. 10.  1.  1.  1.  1.
  1.  2.  2.  0.  0.  0.  0.  0.  0.  0.  0.  0.  3.  4.  4.  1.  1.  2.
  0.  0.  0.  0.  0.  0.  0.  0. 10.  4.  0.  0.  0.  0.  0.  0.  0.  0.
  0.  0.  0.  0.  5.  5.  5.  1.  1.  1.  9.  2.  2.  0.  0.  0.  0.  0.
  0.  0.  0.  0.  0.  0.  0.  0.  0. 10.  7. -1.  5.  5.  1. -1.  9.  2.
  2.  2.  8.  0.  0.  0.  0.  6.  4.  1.  9.  2.  2.  0.  0.  0.  0.  0.
  0.  0.  0.  0.  6.  6.  6.  3.  4.  4.  4.  9.  9.  9.  8.  0.  0.  0.
  0.  0.  0.  0.  0.  0.  0.  0.  0.  0.  0.  0.  0.  7.  5.  4.  4.  1.
  2.  0.  0.  0.  0.  0.  0.  0.  0.  0.  6. -1. -1.  5. -1.  4.  1.  1.
 -1.  2.  2.  0.  0.  0.  0.  0. 10.  3.  4.  1.  1.  1.  8.  0.  0.  0.
  0.  0.  0.  0.  0.  0.  0.  0.  0.  0. 10.  1.], Points: 714, Length: 714, Window: 380.0
Labels: [ 2.  0.  0.  0.  0.  0. -1. -1. -1.  4.  4.  2.  0.  0.  0.  0.  0.  0.
  0.  0.  0.  6.  7.  3.  3. -1.  5.  1.  1.  1.  9.  8.  0.  0.  0.  0.
  0.  0.  0.  0.  3. -1. -1. -1.  5. -1.  4.  1.  1.  8.  0.  0.  0.  0.
  0.  0.  0.  0.  0.  0.  3.  3. -1.  5. -1.  4.  4.  1.  1.  1.  1.  1.
 -1.  2.  8.  0.  0.  0.  0.  0.  7.  7.  3. -1. -1. -1.  1.  1.  1.  1.
  1.  2.  0.  0.  0.  0.  0.  0. 10. 10.  3.  3. -1. -1.  5. -1. -1.  4.
  4.  1.  1.  1. -1.  2.  2.  2.  2.  0.  0.  3. -1. -1.  5. -1.  4.  4.
  1.  1.  2.  2.  2.  0.  0.  0.  0.  0.  0.  0.  0.  0.  0.  0.  0.  7.
  7.  7.  3.  3.  3. -1. -1.  5. -1.  4.  4.  4.  1.  1.  1.  1.  1.  1.
  1.  1.  2.  0.  0.  0.  0.  0.  6.  3.  3.  3. -1.  4.  4.  4.  1.  2.
  2.  8.  8.  0.  0.  0.  0.  0.  0.  0.  0.  6.  3. -1. -1.  4.  4.  1.
  1.  1.  1.  1.  1.  2.  0.  0.  0.  0.  0.  0.  0. -1. -1.  4.  4.  4.
  1.  1.  1. -1.  9.  2.  0.  0.  0.  0.  0.  6.  3. -1. -1. -1.  4.  4.
  0.  0.  0.  0.  0.  0.  0.  0.  0.  0.  0.  0.  0.  0.  0.  0.  0.  6.
 -1. -1.  5. -1.  4.  4.  4.  1.  1.  0.  0.  0.  0.  0.  0.  0.  0.  0.
  0.  0.  0.  6.  3. -1.  5.  9.  2.  2.  8.  0.  0.  0.  0.  0.  0.  0.
  0.  0. -1.  0.  0.  0.  0.  0.  0.  0.  0.  0.  0.  0.  0.  0.  6.  6.
  3. -1.  5.  4.  4.  4.  9.  2.  8.  0.  0.  0.  0.  0.  0.  0.  7.  3.
  4.  1.  1.  9.  2.  0.  0.  0.  0.  0.  0.  0.  0.  0.  0.  0.  0.  0.
  0.  7.  3.  3. -1.  5.  4.  1.  9.  2.  2.  0.  0.  0.  0.  0.  0.  0.
  0.  6. 10. -1.  5. -1.  4.  4.  4.  1.  9.  9.  0.  0.  0.  0.  0.  0.
  0. -1.  6.  4.  4.  1.  8.  0.  0.  0.  0.  0.  0.  0.  0.  0.  0.  7.
 -1. -1.  1.  1.  9.  0.  0.  0.  0.  0.  0.  0.  0.  0.  0.  0.  6. -1.
  5.  4.  0.  0.  0.  0.  0.  0.  0.  0.  0.  0.  6. 10.  7.  3.  3.  4.
  4.  1.  8.  0.  0.  0.  0.  0.  0.  0.  0.  6.  6.  3. -1. -1.  5.  5.
  4.  4.  4.  1.  1.  2.  8.  0.  0.  0.  0.  0. -1.  4.  1.  1.  2.  2.
  0.  0.  0.  0.  0.  0.  0. 10.  7.  7.  3.  4.  4.  1.  1.  1.  2.  0.
  0.  0.  0.  0.  0.  0.  0.  0.  0.  0.  0.  6. 10. -1.  3. -1.  5.  1.
  2.  0.  0.  0.  0.  0.  0.  0.  0.  0.  0.  3. -1.  4.  4.  1.  9.  2.
  0.  0.  0.  0.  0.  0.  0.  0.  0.  0.  0. 10. 10. 10.  1.  1.  1.  1.
  1.  2.  2.  0.  0.  0.  0.  0.  0.  0.  0.  0.  3.  4.  4.  1.  1.  2.
  0.  0.  0.  0.  0.  0.  0.  0. 10.  4.  0.  0.  0.  0.  0.  0.  0.  0.
  0.  0.  0.  0.  5.  5.  5.  1.  1.  1.  9.  2.  2.  0.  0.  0.  0.  0.
  0.  0.  0.  0.  0.  0.  0.  0.  0. 10.  7. -1.  5.  5.  1. -1.  9.  2.
  2.  2.  8.  0.  0.  0.  0.  6.  4.  1.  9.  2.  2.  0.  0.  0.  0.  0.
  0.  0.  0.  0.  6.  6.  6.  3.  4.  4.  4.  9.  9.  9.  8.  0.  0.  0.
  0.  0.  0.  0.  0.  0.  0.  0.  0.  0.  0.  0.  0.  7.  5.  4.  4.  1.
  2.  0.  0.  0.  0.  0.  0.  0.  0.  0.  6. -1. -1.  5. -1.  4.  1.  1.
 -1.  2.  2.  0.  0.  0.  0.  0. 10.  3.  4.  1.  1.  1.  8.  0.  0.  0.
  0.  0.  0.  0.  0.  0.  0.  0.  0.  0. 10.  1.], Points: 714, Length: 714, Window: 380.0
Labels: [ 2.  0.  0.  0.  0.  0. -1. -1. -1.  4.  4.  2.  0.  0.  0.  0.  0.  0.
  0.  0.  0.  6.  7.  3.  3. -1.  5.  1.  1.  1.  9.  8.  0.  0.  0.  0.
  0.  0.  0.  0.  3. -1. -1. -1.  5. -1.  4.  1.  1.  8.  0.  0.  0.  0.
  0.  0.  0.  0.  0.  0.  3.  3. -1.  5. -1.  4.  4.  1.  1.  1.  1.  1.
 -1.  2.  8.  0.  0.  0.  0.  0.  7.  7.  3. -1. -1. -1.  1.  1.  1.  1.
  1.  2.  0.  0.  0.  0.  0.  0. 10. 10.  3.  3. -1. -1.  5. -1. -1.  4.
  4.  1.  1.  1. -1.  2.  2.  2.  2.  0.  0.  3. -1. -1.  5. -1.  4.  4.
  1.  1.  2.  2.  2.  0.  0.  0.  0.  0.  0.  0.  0.  0.  0.  0.  0.  7.
  7.  7.  3.  3.  3. -1. -1.  5. -1.  4.  4.  4.  1.  1.  1.  1.  1.  1.
  1.  1.  2.  0.  0.  0.  0.  0.  6.  3.  3.  3. -1.  4.  4.  4.  1.  2.
  2.  8.  8.  0.  0.  0.  0.  0.  0.  0.  0.  6.  3. -1. -1.  4.  4.  1.
  1.  1.  1.  1.  1.  2.  0.  0.  0.  0.  0.  0.  0. -1. -1.  4.  4.  4.
  1.  1.  1. -1.  9.  2.  0.  0.  0.  0.  0.  6.  3. -1. -1. -1.  4.  4.
  0.  0.  0.  0.  0.  0.  0.  0.  0.  0.  0.  0.  0.  0.  0.  0.  0.  6.
 -1. -1.  5. -1.  4.  4.  4.  1.  1.  0.  0.  0.  0.  0.  0.  0.  0.  0.
  0.  0.  0.  6.  3. -1.  5.  9.  2.  2.  8.  0.  0.  0.  0.  0.  0.  0.
  0.  0. -1.  0.  0.  0.  0.  0.  0.  0.  0.  0.  0.  0.  0.  0.  6.  6.
  3. -1.  5.  4.  4.  4.  9.  2.  8.  0.  0.  0.  0.  0.  0.  0.  7.  3.
  4.  1.  1.  9.  2.  0.  0.  0.  0.  0.  0.  0.  0.  0.  0.  0.  0.  0.
  0.  7.  3.  3. -1.  5.  4.  1.  9.  2.  2.  0.  0.  0.  0.  0.  0.  0.
  0.  6. 10. -1.  5. -1.  4.  4.  4.  1.  9.  9.  0.  0.  0.  0.  0.  0.
  0. -1.  6.  4.  4.  1.  8.  0.  0.  0.  0.  0.  0.  0.  0.  0.  0.  7.
 -1. -1.  1.  1.  9.  0.  0.  0.  0.  0.  0.  0.  0.  0.  0.  0.  6. -1.
  5.  4.  0.  0.  0.  0.  0.  0.  0.  0.  0.  0.  6. 10.  7.  3.  3.  4.
  4.  1.  8.  0.  0.  0.  0.  0.  0.  0.  0.  6.  6.  3. -1. -1.  5.  5.
  4.  4.  4.  1.  1.  2.  8.  0.  0.  0.  0.  0. -1.  4.  1.  1.  2.  2.
  0.  0.  0.  0.  0.  0.  0. 10.  7.  7.  3.  4.  4.  1.  1.  1.  2.  0.
  0.  0.  0.  0.  0.  0.  0.  0.  0.  0.  0.  6. 10. -1.  3. -1.  5.  1.
  2.  0.  0.  0.  0.  0.  0.  0.  0.  0.  0.  3. -1.  4.  4.  1.  9.  2.
  0.  0.  0.  0.  0.  0.  0.  0.  0.  0.  0. 10. 10. 10.  1.  1.  1.  1.
  1.  2.  2.  0.  0.  0.  0.  0.  0.  0.  0.  0.  3.  4.  4.  1.  1.  2.
  0.  0.  0.  0.  0.  0.  0.  0. 10.  4.  0.  0.  0.  0.  0.  0.  0.  0.
  0.  0.  0.  0.  5.  5.  5.  1.  1.  1.  9.  2.  2.  0.  0.  0.  0.  0.
  0.  0.  0.  0.  0.  0.  0.  0.  0. 10.  7. -1.  5.  5.  1. -1.  9.  2.
  2.  2.  8.  0.  0.  0.  0.  6.  4.  1.  9.  2.  2.  0.  0.  0.  0.  0.
  0.  0.  0.  0.  6.  6.  6.  3.  4.  4.  4.  9.  9.  9.  8.  0.  0.  0.
  0.  0.  0.  0.  0.  0.  0.  0.  0.  0.  0.  0.  0.  7.  5.  4.  4.  1.
  2.  0.  0.  0.  0.  0.  0.  0.  0.  0.  6. -1. -1.  5. -1.  4.  1.  1.
 -1.  2.  2.  0.  0.  0.  0.  0. 10.  3.  4.  1.  1.  1.  8.  0.  0.  0.
  0.  0.  0.  0.  0.  0.  0.  0.  0.  0. 10.  1.  2.  2. -1.  4.  4.  4.
  1.  1.], Points: 722, Length: 722, Window: 400.0
Labels: [ 2.  0.  0.  0.  0.  0. -1. -1. -1.  4.  4.  2.  0.  0.  0.  0.  0.  0.
  0.  0.  0.  6.  7.  3.  3. -1.  5.  1.  1.  1.  9.  8.  0.  0.  0.  0.
  0.  0.  0.  0.  3. -1. -1. 11.  5. -1.  4.  1.  1.  8.  0.  0.  0.  0.
  0.  0.  0.  0.  0.  0.  3.  3. -1.  5. -1.  4.  4.  1.  1.  1.  1.  1.
 -1.  2.  8.  0.  0.  0.  0.  0.  7.  7.  3. 11. -1. -1.  1.  1.  1.  1.
  1.  2.  0.  0.  0.  0.  0.  0. 10. 10.  3.  3. 11. 11.  5. -1. -1.  4.
  4.  1.  1.  1. -1.  2.  2.  2.  2.  0.  0.  3. -1. 11.  5. -1.  4.  4.
  1.  1.  2.  2.  2.  0.  0.  0.  0.  0.  0.  0.  0.  0.  0.  0.  0.  7.
  7.  7.  3.  3.  3. 11. -1.  5. -1.  4.  4.  4.  1.  1.  1.  1.  1.  1.
  1.  1.  2.  0.  0.  0.  0.  0.  6.  3.  3.  3. 11.  4.  4.  4.  1.  2.
  2.  8.  8.  0.  0.  0.  0.  0.  0.  0.  0.  6.  3. -1. -1.  4.  4.  1.
  1.  1.  1.  1.  1.  2.  0.  0.  0.  0.  0.  0.  0. -1. -1.  4.  4.  4.
  1.  1.  1. -1.  9.  2.  0.  0.  0.  0.  0.  6.  3. -1. -1. -1.  4.  4.
  0.  0.  0.  0.  0.  0.  0.  0.  0.  0.  0.  0.  0.  0.  0.  0.  0.  6.
 -1. -1.  5. -1.  4.  4.  4.  1.  1.  0.  0.  0.  0.  0.  0.  0.  0.  0.
  0.  0.  0.  6.  3. 11.  5.  9.  2.  2.  8.  0.  0.  0.  0.  0.  0.  0.
  0.  0. 11.  0.  0.  0.  0.  0.  0.  0.  0.  0.  0.  0.  0.  0.  6.  6.
  3. -1.  5.  4.  4.  4.  9.  2.  8.  0.  0.  0.  0.  0.  0.  0.  7.  3.
  4.  1.  1.  9.  2.  0.  0.  0.  0.  0.  0.  0.  0.  0.  0.  0.  0.  0.
  0.  7.  3.  3. -1.  5.  4.  1.  9.  2.  2.  0.  0.  0.  0.  0.  0.  0.
  0.  6. 10. -1.  5. -1.  4.  4.  4.  1.  9.  9.  0.  0.  0.  0.  0.  0.
  0. -1.  6.  4.  4.  1.  8.  0.  0.  0.  0.  0.  0.  0.  0.  0.  0.  7.
 -1. -1.  1.  1.  9.  0.  0.  0.  0.  0.  0.  0.  0.  0.  0.  0.  6. -1.
  5.  4.  0.  0.  0.  0.  0.  0.  0.  0.  0.  0.  6. 10.  7.  3.  3.  4.
  4.  1.  8.  0.  0.  0.  0.  0.  0.  0.  0.  6.  6.  3. -1. -1.  5.  5.
  4.  4.  4.  1.  1.  2.  8.  0.  0.  0.  0.  0. -1.  4.  1.  1.  2.  2.
  0.  0.  0.  0.  0.  0.  0. 10.  7.  7.  3.  4.  4.  1.  1.  1.  2.  0.
  0.  0.  0.  0.  0.  0.  0.  0.  0.  0.  0.  6. 10. -1.  3. -1.  5.  1.
  2.  0.  0.  0.  0.  0.  0.  0.  0.  0.  0.  3. -1.  4.  4.  1.  9.  2.
  0.  0.  0.  0.  0.  0.  0.  0.  0.  0.  0. 10. 10. 10.  1.  1.  1.  1.
  1.  2.  2.  0.  0.  0.  0.  0.  0.  0.  0.  0.  3.  4.  4.  1.  1.  2.
  0.  0.  0.  0.  0.  0.  0.  0. 10.  4.  0.  0.  0.  0.  0.  0.  0.  0.
  0.  0.  0.  0.  5.  5.  5.  1.  1.  1.  9.  2.  2.  0.  0.  0.  0.  0.
  0.  0.  0.  0.  0.  0.  0.  0.  0. 10.  7. -1.  5.  5.  1. -1.  9.  2.
  2.  2.  8.  0.  0.  0.  0.  6.  4.  1.  9.  2.  2.  0.  0.  0.  0.  0.
  0.  0.  0.  0.  6.  6.  6.  3.  4.  4.  4.  9.  9.  9.  8.  0.  0.  0.
  0.  0.  0.  0.  0.  0.  0.  0.  0.  0.  0.  0.  0.  7.  5.  4.  4.  1.
  2.  0.  0.  0.  0.  0.  0.  0.  0.  0.  6. -1. -1.  5. -1.  4.  1.  1.
 -1.  2.  2.  0.  0.  0.  0.  0. 10.  3.  4.  1.  1.  1.  8.  0.  0.  0.
  0.  0.  0.  0.  0.  0.  0.  0.  0.  0. 10.  1.  2.  2. -1.  4.  4.  4.
  1.  1.  2. 10.  3.  3. -1. 11. 11. -1. -1. -1. -1.  4.], Points: 734, Length: 734, Window: 410.0
Labels: [ 2.  0.  0.  0.  0.  0. -1. -1. -1.  4.  4.  2.  0.  0.  0.  0.  0.  0.
  0.  0.  0.  6.  7.  3.  3. -1.  5.  1.  1.  1.  9.  8.  0.  0.  0.  0.
  0.  0.  0.  0.  3. -1. -1. 11.  5. -1.  4.  1.  1.  8.  0.  0.  0.  0.
  0.  0.  0.  0.  0.  0.  3.  3. -1.  5. -1.  4.  4.  1.  1.  1.  1.  1.
 -1.  2.  8.  0.  0.  0.  0.  0.  7.  7.  3. 11. -1. -1.  1.  1.  1.  1.
  1.  2.  0.  0.  0.  0.  0.  0. 10. 10.  3.  3. 11. 11.  5. -1. -1.  4.
  4.  1.  1.  1. -1.  2.  2.  2.  2.  0.  0.  3. -1. 11.  5. -1.  4.  4.
  1.  1.  2.  2.  2.  0.  0.  0.  0.  0.  0.  0.  0.  0.  0.  0.  0.  7.
  7.  7.  3.  3.  3. 11. -1.  5. -1.  4.  4.  4.  1.  1.  1.  1.  1.  1.
  1.  1.  2.  0.  0.  0.  0.  0.  6.  3.  3.  3. 11.  4.  4.  4.  1.  2.
  2.  8.  8.  0.  0.  0.  0.  0.  0.  0.  0.  6.  3. -1. -1.  4.  4.  1.
  1.  1.  1.  1.  1.  2.  0.  0.  0.  0.  0.  0.  0. -1. -1.  4.  4.  4.
  1.  1.  1. -1.  9.  2.  0.  0.  0.  0.  0.  6.  3. -1. -1. -1.  4.  4.
  0.  0.  0.  0.  0.  0.  0.  0.  0.  0.  0.  0.  0.  0.  0.  0.  0.  6.
 -1. -1.  5. -1.  4.  4.  4.  1.  1.  0.  0.  0.  0.  0.  0.  0.  0.  0.
  0.  0.  0.  6.  3. 11.  5.  9.  2.  2.  8.  0.  0.  0.  0.  0.  0.  0.
  0.  0. 11.  0.  0.  0.  0.  0.  0.  0.  0.  0.  0.  0.  0.  0.  6.  6.
  3. -1.  5.  4.  4.  4.  9.  2.  8.  0.  0.  0.  0.  0.  0.  0.  7.  3.
  4.  1.  1.  9.  2.  0.  0.  0.  0.  0.  0.  0.  0.  0.  0.  0.  0.  0.
  0.  7.  3.  3. -1.  5.  4.  1.  9.  2.  2.  0.  0.  0.  0.  0.  0.  0.
  0.  6. 10. -1.  5. -1.  4.  4.  4.  1.  9.  9.  0.  0.  0.  0.  0.  0.
  0. -1.  6.  4.  4.  1.  8.  0.  0.  0.  0.  0.  0.  0.  0.  0.  0.  7.
 -1. -1.  1.  1.  9.  0.  0.  0.  0.  0.  0.  0.  0.  0.  0.  0.  6. -1.
  5.  4.  0.  0.  0.  0.  0.  0.  0.  0.  0.  0.  6. 10.  7.  3.  3.  4.
  4.  1.  8.  0.  0.  0.  0.  0.  0.  0.  0.  6.  6.  3. -1. -1.  5.  5.
  4.  4.  4.  1.  1.  2.  8.  0.  0.  0.  0.  0. -1.  4.  1.  1.  2.  2.
  0.  0.  0.  0.  0.  0.  0. 10.  7.  7.  3.  4.  4.  1.  1.  1.  2.  0.
  0.  0.  0.  0.  0.  0.  0.  0.  0.  0.  0.  6. 10. -1.  3. -1.  5.  1.
  2.  0.  0.  0.  0.  0.  0.  0.  0.  0.  0.  3. -1.  4.  4.  1.  9.  2.
  0.  0.  0.  0.  0.  0.  0.  0.  0.  0.  0. 10. 10. 10.  1.  1.  1.  1.
  1.  2.  2.  0.  0.  0.  0.  0.  0.  0.  0.  0.  3.  4.  4.  1.  1.  2.
  0.  0.  0.  0.  0.  0.  0.  0. 10.  4.  0.  0.  0.  0.  0.  0.  0.  0.
  0.  0.  0.  0.  5.  5.  5.  1.  1.  1.  9.  2.  2.  0.  0.  0.  0.  0.
  0.  0.  0.  0.  0.  0.  0.  0.  0. 10.  7. -1.  5.  5.  1. -1.  9.  2.
  2.  2.  8.  0.  0.  0.  0.  6.  4.  1.  9.  2.  2.  0.  0.  0.  0.  0.
  0.  0.  0.  0.  6.  6.  6.  3.  4.  4.  4.  9.  9.  9.  8.  0.  0.  0.
  0.  0.  0.  0.  0.  0.  0.  0.  0.  0.  0.  0.  0.  7.  5.  4.  4.  1.
  2.  0.  0.  0.  0.  0.  0.  0.  0.  0.  6. -1. -1.  5. -1.  4.  1.  1.
 -1.  2.  2.  0.  0.  0.  0.  0. 10.  3.  4.  1.  1.  1.  8.  0.  0.  0.
  0.  0.  0.  0.  0.  0.  0.  0.  0.  0. 10.  1.  2.  2. -1.  4.  4.  4.
  1.  1.  2. 10.  3.  3. -1. 11. 11. -1. -1. -1. -1.  4.  2.  0.  3. -1.
 11.  5. -1. -1. -1.  4.  4.  4.  4.  1.  1.], Points: 749, Length: 749, Window: 420.0
Labels: [ 2.  0.  0.  0.  0.  0. 12. 12. -1.  4.  4.  2.  0.  0.  0.  0.  0.  0.
  0.  0.  0.  6.  7.  3.  3. -1.  5.  1.  1.  1.  9.  8.  0.  0.  0.  0.
  0.  0.  0.  0.  3. -1. -1. 11.  5. -1.  4.  1.  1.  8.  0.  0.  0.  0.
  0.  0.  0.  0.  0.  0.  3.  3. -1.  5. -1.  4.  4.  1.  1.  1.  1.  1.
 -1.  2.  8.  0.  0.  0.  0.  0.  7.  7.  3. 11. -1. -1.  1.  1.  1.  1.
  1.  2.  0.  0.  0.  0.  0.  0. 10. 10.  3.  3. 11. 11.  5. 12. -1.  4.
  4.  1.  1.  1. -1.  2.  2.  2.  2.  0.  0.  3. -1. 11.  5. -1.  4.  4.
  1.  1.  2.  2.  2.  0.  0.  0.  0.  0.  0.  0.  0.  0.  0.  0.  0.  7.
  7.  7.  3.  3.  3. 11. -1.  5. -1.  4.  4.  4.  1.  1.  1.  1.  1.  1.
  1.  1.  2.  0.  0.  0.  0.  0.  6.  3.  3.  3. 11.  4.  4.  4.  1.  2.
  2.  8.  8.  0.  0.  0.  0.  0.  0.  0.  0.  6.  3. -1. -1.  4.  4.  1.
  1.  1.  1.  1.  1.  2.  0.  0.  0.  0.  0.  0.  0. -1. -1.  4.  4.  4.
  1.  1.  1. -1.  9.  2.  0.  0.  0.  0.  0.  6.  3. -1. -1. -1.  4.  4.
  0.  0.  0.  0.  0.  0.  0.  0.  0.  0.  0.  0.  0.  0.  0.  0.  0.  6.
 -1. -1.  5. -1.  4.  4.  4.  1.  1.  0.  0.  0.  0.  0.  0.  0.  0.  0.
  0.  0.  0.  6.  3. 11.  5.  9.  2.  2.  8.  0.  0.  0.  0.  0.  0.  0.
  0.  0. 11.  0.  0.  0.  0.  0.  0.  0.  0.  0.  0.  0.  0.  0.  6.  6.
  3. -1.  5.  4.  4.  4.  9.  2.  8.  0.  0.  0.  0.  0.  0.  0.  7.  3.
  4.  1.  1.  9.  2.  0.  0.  0.  0.  0.  0.  0.  0.  0.  0.  0.  0.  0.
  0.  7.  3.  3. -1.  5.  4.  1.  9.  2.  2.  0.  0.  0.  0.  0.  0.  0.
  0.  6. 10. -1.  5. -1.  4.  4.  4.  1.  9.  9.  0.  0.  0.  0.  0.  0.
  0. -1.  6.  4.  4.  1.  8.  0.  0.  0.  0.  0.  0.  0.  0.  0.  0.  7.
 -1. -1.  1.  1.  9.  0.  0.  0.  0.  0.  0.  0.  0.  0.  0.  0.  6. -1.
  5.  4.  0.  0.  0.  0.  0.  0.  0.  0.  0.  0.  6. 10.  7.  3.  3.  4.
  4.  1.  8.  0.  0.  0.  0.  0.  0.  0.  0.  6.  6.  3. -1. -1.  5.  5.
  4.  4.  4.  1.  1.  2.  8.  0.  0.  0.  0.  0. -1.  4.  1.  1.  2.  2.
  0.  0.  0.  0.  0.  0.  0. 10.  7.  7.  3.  4.  4.  1.  1.  1.  2.  0.
  0.  0.  0.  0.  0.  0.  0.  0.  0.  0.  0.  6. 10. -1.  3. -1.  5.  1.
  2.  0.  0.  0.  0.  0.  0.  0.  0.  0.  0.  3. -1.  4.  4.  1.  9.  2.
  0.  0.  0.  0.  0.  0.  0.  0.  0.  0.  0. 10. 10. 10.  1.  1.  1.  1.
  1.  2.  2.  0.  0.  0.  0.  0.  0.  0.  0.  0.  3.  4.  4.  1.  1.  2.
  0.  0.  0.  0.  0.  0.  0.  0. 10.  4.  0.  0.  0.  0.  0.  0.  0.  0.
  0.  0.  0.  0.  5.  5.  5.  1.  1.  1.  9.  2.  2.  0.  0.  0.  0.  0.
  0.  0.  0.  0.  0.  0.  0.  0.  0. 10.  7. -1.  5.  5.  1. -1.  9.  2.
  2.  2.  8.  0.  0.  0.  0.  6.  4.  1.  9.  2.  2.  0.  0.  0.  0.  0.
  0.  0.  0.  0.  6.  6.  6.  3.  4.  4.  4.  9.  9.  9.  8.  0.  0.  0.
  0.  0.  0.  0.  0.  0.  0.  0.  0.  0.  0.  0.  0.  7.  5.  4.  4.  1.
  2.  0.  0.  0.  0.  0.  0.  0.  0.  0.  6. -1. -1.  5. -1.  4.  1.  1.
 -1.  2.  2.  0.  0.  0.  0.  0. 10.  3.  4.  1.  1.  1.  8.  0.  0.  0.
  0.  0.  0.  0.  0.  0.  0.  0.  0.  0. 10.  1.  2.  2. -1.  4.  4.  4.
  1.  1.  2. 10.  3.  3. -1. 11. 11. 12. 12. 12. -1.  4.  2.  0.  3. -1.
 11.  5. 12. 12. 12.  4.  4.  4.  4.  1.  1.  2.  2.  8.  0.  0.  0.  0.
  0.  3. -1. 11. -1.  5. 12.  4.  4.  1.  1.], Points: 767, Length: 767, Window: 430.0
Labels: [ 2.  0.  0.  0.  0.  0. 12. 12. -1.  4.  4.  2.  0.  0.  0.  0.  0.  0.
  0.  0.  0.  6.  7.  3.  3. -1.  5.  1.  1.  1.  9.  8.  0.  0.  0.  0.
  0.  0.  0.  0.  3. -1. -1. 11.  5. -1.  4.  1.  1.  8.  0.  0.  0.  0.
  0.  0.  0.  0.  0.  0.  3.  3. -1.  5. -1.  4.  4.  1.  1.  1.  1.  1.
 -1.  2.  8.  0.  0.  0.  0.  0.  7.  7.  3. 11. -1. -1.  1.  1.  1.  1.
  1.  2.  0.  0.  0.  0.  0.  0. 10. 10.  3.  3. 11. 11.  5. 12. -1.  4.
  4.  1.  1.  1. -1.  2.  2.  2.  2.  0.  0.  3. -1. 11.  5. -1.  4.  4.
  1.  1.  2.  2.  2.  0.  0.  0.  0.  0.  0.  0.  0.  0.  0.  0.  0.  7.
  7.  7.  3.  3.  3. 11. -1.  5. -1.  4.  4.  4.  1.  1.  1.  1.  1.  1.
  1.  1.  2.  0.  0.  0.  0.  0.  6.  3.  3.  3. 11.  4.  4.  4.  1.  2.
  2.  8.  8.  0.  0.  0.  0.  0.  0.  0.  0.  6.  3. -1. -1.  4.  4.  1.
  1.  1.  1.  1.  1.  2.  0.  0.  0.  0.  0.  0.  0. -1. -1.  4.  4.  4.
  1.  1.  1. -1.  9.  2.  0.  0.  0.  0.  0.  6.  3. -1. -1. -1.  4.  4.
  0.  0.  0.  0.  0.  0.  0.  0.  0.  0.  0.  0.  0.  0.  0.  0.  0.  6.
 -1. -1.  5. -1.  4.  4.  4.  1.  1.  0.  0.  0.  0.  0.  0.  0.  0.  0.
  0.  0.  0.  6.  3. 11.  5.  9.  2.  2.  8.  0.  0.  0.  0.  0.  0.  0.
  0.  0. 11.  0.  0.  0.  0.  0.  0.  0.  0.  0.  0.  0.  0.  0.  6.  6.
  3. -1.  5.  4.  4.  4.  9.  2.  8.  0.  0.  0.  0.  0.  0.  0.  7.  3.
  4.  1.  1.  9.  2.  0.  0.  0.  0.  0.  0.  0.  0.  0.  0.  0.  0.  0.
  0.  7.  3.  3. -1.  5.  4.  1.  9.  2.  2.  0.  0.  0.  0.  0.  0.  0.
  0.  6. 10. -1.  5. -1.  4.  4.  4.  1.  9.  9.  0.  0.  0.  0.  0.  0.
  0. -1.  6.  4.  4.  1.  8.  0.  0.  0.  0.  0.  0.  0.  0.  0.  0.  7.
 -1. -1.  1.  1.  9.  0.  0.  0.  0.  0.  0.  0.  0.  0.  0.  0.  6. -1.
  5.  4.  0.  0.  0.  0.  0.  0.  0.  0.  0.  0.  6. 10.  7.  3.  3.  4.
  4.  1.  8.  0.  0.  0.  0.  0.  0.  0.  0.  6.  6.  3. -1. -1.  5.  5.
  4.  4.  4.  1.  1.  2.  8.  0.  0.  0.  0.  0. -1.  4.  1.  1.  2.  2.
  0.  0.  0.  0.  0.  0.  0. 10.  7.  7.  3.  4.  4.  1.  1.  1.  2.  0.
  0.  0.  0.  0.  0.  0.  0.  0.  0.  0.  0.  6. 10. -1.  3. -1.  5.  1.
  2.  0.  0.  0.  0.  0.  0.  0.  0.  0.  0.  3. -1.  4.  4.  1.  9.  2.
  0.  0.  0.  0.  0.  0.  0.  0.  0.  0.  0. 10. 10. 10.  1.  1.  1.  1.
  1.  2.  2.  0.  0.  0.  0.  0.  0.  0.  0.  0.  3.  4.  4.  1.  1.  2.
  0.  0.  0.  0.  0.  0.  0.  0. 10.  4.  0.  0.  0.  0.  0.  0.  0.  0.
  0.  0.  0.  0.  5.  5.  5.  1.  1.  1.  9.  2.  2.  0.  0.  0.  0.  0.
  0.  0.  0.  0.  0.  0.  0.  0.  0. 10.  7. -1.  5.  5.  1. -1.  9.  2.
  2.  2.  8.  0.  0.  0.  0.  6.  4.  1.  9.  2.  2.  0.  0.  0.  0.  0.
  0.  0.  0.  0.  6.  6.  6.  3.  4.  4.  4.  9.  9.  9.  8.  0.  0.  0.
  0.  0.  0.  0.  0.  0.  0.  0.  0.  0.  0.  0.  0.  7.  5.  4.  4.  1.
  2.  0.  0.  0.  0.  0.  0.  0.  0.  0.  6. -1. -1.  5. -1.  4.  1.  1.
 -1.  2.  2.  0.  0.  0.  0.  0. 10.  3.  4.  1.  1.  1.  8.  0.  0.  0.
  0.  0.  0.  0.  0.  0.  0.  0.  0.  0. 10.  1.  2.  2. -1.  4.  4.  4.
  1.  1.  2. 10.  3.  3. -1. 11. 11. 12. 12. 12. -1.  4.  2.  0.  3. -1.
 11.  5. 12. 12. 12.  4.  4.  4.  4.  1.  1.  2.  2.  8.  0.  0.  0.  0.
  0.  3. -1. 11. -1.  5. 12.  4.  4.  1.  1.  9.  2.  0.  0.  0.  0.  0.
  0.  0.  0.  0.  0.  0.  0.  0.  0.  0.  7. -1.  4.  4.], Points: 788, Length: 788, Window: 440.0
Labels: [ 2.  0.  0.  0.  0.  0. 12. 12. -1.  4.  4.  2.  0.  0.  0.  0.  0.  0.
  0.  0.  0.  6.  7.  3.  3. -1.  5.  1.  1.  1.  9.  8.  0.  0.  0.  0.
  0.  0.  0.  0.  3. -1. -1. 11.  5. 13.  4.  1.  1.  8.  0.  0.  0.  0.
  0.  0.  0.  0.  0.  0.  3.  3. -1.  5. 13.  4.  4.  1.  1.  1.  1.  1.
 -1.  2.  8.  0.  0.  0.  0.  0.  7.  7.  3. 11. -1. 13.  1.  1.  1.  1.
  1.  2.  0.  0.  0.  0.  0.  0. 10. 10.  3.  3. 11. 11.  5. 12. 13.  4.
  4.  1.  1.  1. -1.  2.  2.  2.  2.  0.  0.  3. -1. 11.  5. -1.  4.  4.
  1.  1.  2.  2.  2.  0.  0.  0.  0.  0.  0.  0.  0.  0.  0.  0.  0.  7.
  7.  7.  3.  3.  3. 11. -1.  5. 13.  4.  4.  4.  1.  1.  1.  1.  1.  1.
  1.  1.  2.  0.  0.  0.  0.  0.  6.  3.  3.  3. 11.  4.  4.  4.  1.  2.
  2.  8.  8.  0.  0.  0.  0.  0.  0.  0.  0.  6.  3. -1. 13.  4.  4.  1.
  1.  1.  1.  1.  1.  2.  0.  0.  0.  0.  0.  0.  0. -1. -1.  4.  4.  4.
  1.  1.  1. -1.  9.  2.  0.  0.  0.  0.  0.  6.  3. -1. -1. -1.  4.  4.
  0.  0.  0.  0.  0.  0.  0.  0.  0.  0.  0.  0.  0.  0.  0.  0.  0.  6.
 -1. -1.  5. 13.  4.  4.  4.  1.  1.  0.  0.  0.  0.  0.  0.  0.  0.  0.
  0.  0.  0.  6.  3. 11.  5.  9.  2.  2.  8.  0.  0.  0.  0.  0.  0.  0.
  0.  0. 11.  0.  0.  0.  0.  0.  0.  0.  0.  0.  0.  0.  0.  0.  6.  6.
  3. -1.  5.  4.  4.  4.  9.  2.  8.  0.  0.  0.  0.  0.  0.  0.  7.  3.
  4.  1.  1.  9.  2.  0.  0.  0.  0.  0.  0.  0.  0.  0.  0.  0.  0.  0.
  0.  7.  3.  3. -1.  5.  4.  1.  9.  2.  2.  0.  0.  0.  0.  0.  0.  0.
  0.  6. 10. -1.  5. -1.  4.  4.  4.  1.  9.  9.  0.  0.  0.  0.  0.  0.
  0. -1.  6.  4.  4.  1.  8.  0.  0.  0.  0.  0.  0.  0.  0.  0.  0.  7.
 -1. -1.  1.  1.  9.  0.  0.  0.  0.  0.  0.  0.  0.  0.  0.  0.  6. -1.
  5.  4.  0.  0.  0.  0.  0.  0.  0.  0.  0.  0.  6. 10.  7.  3.  3.  4.
  4.  1.  8.  0.  0.  0.  0.  0.  0.  0.  0.  6.  6.  3. -1. -1.  5.  5.
  4.  4.  4.  1.  1.  2.  8.  0.  0.  0.  0.  0. -1.  4.  1.  1.  2.  2.
  0.  0.  0.  0.  0.  0.  0. 10.  7.  7.  3.  4.  4.  1.  1.  1.  2.  0.
  0.  0.  0.  0.  0.  0.  0.  0.  0.  0.  0.  6. 10. -1.  3. -1.  5.  1.
  2.  0.  0.  0.  0.  0.  0.  0.  0.  0.  0.  3. -1.  4.  4.  1.  9.  2.
  0.  0.  0.  0.  0.  0.  0.  0.  0.  0.  0. 10. 10. 10.  1.  1.  1.  1.
  1.  2.  2.  0.  0.  0.  0.  0.  0.  0.  0.  0.  3.  4.  4.  1.  1.  2.
  0.  0.  0.  0.  0.  0.  0.  0. 10.  4.  0.  0.  0.  0.  0.  0.  0.  0.
  0.  0.  0.  0.  5.  5.  5.  1.  1.  1.  9.  2.  2.  0.  0.  0.  0.  0.
  0.  0.  0.  0.  0.  0.  0.  0.  0. 10.  7. -1.  5.  5.  1. -1.  9.  2.
  2.  2.  8.  0.  0.  0.  0.  6.  4.  1.  9.  2.  2.  0.  0.  0.  0.  0.
  0.  0.  0.  0.  6.  6.  6.  3.  4.  4.  4.  9.  9.  9.  8.  0.  0.  0.
  0.  0.  0.  0.  0.  0.  0.  0.  0.  0.  0.  0.  0.  7.  5.  4.  4.  1.
  2.  0.  0.  0.  0.  0.  0.  0.  0.  0.  6. -1. -1.  5. -1.  4.  1.  1.
 -1.  2.  2.  0.  0.  0.  0.  0. 10.  3.  4.  1.  1.  1.  8.  0.  0.  0.
  0.  0.  0.  0.  0.  0.  0.  0.  0.  0. 10.  1.  2.  2. -1.  4.  4.  4.
  1.  1.  2. 10.  3.  3. -1. 11. 11. 12. 12. 12. 13.  4.  2.  0.  3. -1.
 11.  5. 12. 12. 12.  4.  4.  4.  4.  1.  1.  2.  2.  8.  0.  0.  0.  0.
  0.  3. -1. 11. -1.  5. 12.  4.  4.  1.  1.  9.  2.  0.  0.  0.  0.  0.
  0.  0.  0.  0.  0.  0.  0.  0.  0.  0.  7. 13.  4.  4.  9.  9.  2.  2.
  8.  0.  0.  0.  0.  0.  0.  0.  0.  0.  0.  0.  0.  0.  0.  0.  0.  0.
  0.  0.  0. 11. 11. 13. 13.  4.  1.  1.], Points: 820, Length: 820, Window: 450.0
Labels: [ 2.  0.  0.  0.  0.  0. 12. 12. -1.  4.  4.  2.  0.  0.  0.  0.  0.  0.
  0.  0.  0.  6.  7.  3.  3. -1.  5.  1.  1.  1.  9.  8.  0.  0.  0.  0.
  0.  0.  0.  0.  3. -1. -1. 11.  5. 13.  4.  1.  1.  8.  0.  0.  0.  0.
  0.  0.  0.  0.  0.  0.  3.  3. -1.  5. 13.  4.  4.  1.  1.  1.  1.  1.
 -1.  2.  8.  0.  0.  0.  0.  0.  7.  7.  3. 11. -1. 13.  1.  1.  1.  1.
  1.  2.  0.  0.  0.  0.  0.  0. 10. 10.  3.  3. 11. 11.  5. 12. 13.  4.
  4.  1.  1.  1. -1.  2.  2.  2.  2.  0.  0.  3. -1. 11.  5. -1.  4.  4.
  1.  1.  2.  2.  2.  0.  0.  0.  0.  0.  0.  0.  0.  0.  0.  0.  0.  7.
  7.  7.  3.  3.  3. 11. -1.  5. 13.  4.  4.  4.  1.  1.  1.  1.  1.  1.
  1.  1.  2.  0.  0.  0.  0.  0.  6.  3.  3.  3. 11.  4.  4.  4.  1.  2.
  2.  8.  8.  0.  0.  0.  0.  0.  0.  0.  0.  6.  3. -1. 13.  4.  4.  1.
  1.  1.  1.  1.  1.  2.  0.  0.  0.  0.  0.  0.  0. -1. -1.  4.  4.  4.
  1.  1.  1. -1.  9.  2.  0.  0.  0.  0.  0.  6.  3. -1. -1. -1.  4.  4.
  0.  0.  0.  0.  0.  0.  0.  0.  0.  0.  0.  0.  0.  0.  0.  0.  0.  6.
 -1. -1.  5. 13.  4.  4.  4.  1.  1.  0.  0.  0.  0.  0.  0.  0.  0.  0.
  0.  0.  0.  6.  3. 11.  5.  9.  2.  2.  8.  0.  0.  0.  0.  0.  0.  0.
  0.  0. 11.  0.  0.  0.  0.  0.  0.  0.  0.  0.  0.  0.  0.  0.  6.  6.
  3. -1.  5.  4.  4.  4.  9.  2.  8.  0.  0.  0.  0.  0.  0.  0.  7.  3.
  4.  1.  1.  9.  2.  0.  0.  0.  0.  0.  0.  0.  0.  0.  0.  0.  0.  0.
  0.  7.  3.  3. -1.  5.  4.  1.  9.  2.  2.  0.  0.  0.  0.  0.  0.  0.
  0.  6. 10. -1.  5. -1.  4.  4.  4.  1.  9.  9.  0.  0.  0.  0.  0.  0.
  0. -1.  6.  4.  4.  1.  8.  0.  0.  0.  0.  0.  0.  0.  0.  0.  0.  7.
 -1. -1.  1.  1.  9.  0.  0.  0.  0.  0.  0.  0.  0.  0.  0.  0.  6. -1.
  5.  4.  0.  0.  0.  0.  0.  0.  0.  0.  0.  0.  6. 10.  7.  3.  3.  4.
  4.  1.  8.  0.  0.  0.  0.  0.  0.  0.  0.  6.  6.  3. -1. -1.  5.  5.
  4.  4.  4.  1.  1.  2.  8.  0.  0.  0.  0.  0. -1.  4.  1.  1.  2.  2.
  0.  0.  0.  0.  0.  0.  0. 10.  7.  7.  3.  4.  4.  1.  1.  1.  2.  0.
  0.  0.  0.  0.  0.  0.  0.  0.  0.  0.  0.  6. 10. -1.  3. -1.  5.  1.
  2.  0.  0.  0.  0.  0.  0.  0.  0.  0.  0.  3. -1.  4.  4.  1.  9.  2.
  0.  0.  0.  0.  0.  0.  0.  0.  0.  0.  0. 10. 10. 10.  1.  1.  1.  1.
  1.  2.  2.  0.  0.  0.  0.  0.  0.  0.  0.  0.  3.  4.  4.  1.  1.  2.
  0.  0.  0.  0.  0.  0.  0.  0. 10.  4.  0.  0.  0.  0.  0.  0.  0.  0.
  0.  0.  0.  0.  5.  5.  5.  1.  1.  1.  9.  2.  2.  0.  0.  0.  0.  0.
  0.  0.  0.  0.  0.  0.  0.  0.  0. 10.  7. -1.  5.  5.  1. -1.  9.  2.
  2.  2.  8.  0.  0.  0.  0.  6.  4.  1.  9.  2.  2.  0.  0.  0.  0.  0.
  0.  0.  0.  0.  6.  6.  6.  3.  4.  4.  4.  9.  9.  9.  8.  0.  0.  0.
  0.  0.  0.  0.  0.  0.  0.  0.  0.  0.  0.  0.  0.  7.  5.  4.  4.  1.
  2.  0.  0.  0.  0.  0.  0.  0.  0.  0.  6. -1. -1.  5. -1.  4.  1.  1.
 -1.  2.  2.  0.  0.  0.  0.  0. 10.  3.  4.  1.  1.  1.  8.  0.  0.  0.
  0.  0.  0.  0.  0.  0.  0.  0.  0.  0. 10.  1.  2.  2. -1.  4.  4.  4.
  1.  1.  2. 10.  3.  3. -1. 11. 11. 12. 12. 12. 13.  4.  2.  0.  3. -1.
 11.  5. 12. 12. 12.  4.  4.  4.  4.  1.  1.  2.  2.  8.  0.  0.  0.  0.
  0.  3. -1. 11. -1.  5. 12.  4.  4.  1.  1.  9.  2.  0.  0.  0.  0.  0.
  0.  0.  0.  0.  0.  0.  0.  0.  0.  0.  7. 13.  4.  4.  9.  9.  2.  2.
  8.  0.  0.  0.  0.  0.  0.  0.  0.  0.  0.  0.  0.  0.  0.  0.  0.  0.
  0.  0.  0. 11. 11. 13. 13.  4.  1.  1.  0.  0.  0.  0.  0.  0.  0.  0.
  0.  0.  0.  0.  0.  0.  0.  0.  0.  6. -1. -1. -1. -1. 12. 12. 12.  1.
  1.], Points: 847, Length: 847, Window: 460.0
Labels: [ 2.  0.  0.  0.  0.  0. 12. 12. -1.  4.  4.  2.  0.  0.  0.  0.  0.  0.
  0.  0.  0.  6.  7.  3.  3. 14.  5.  1.  1.  1.  9.  8.  0.  0.  0.  0.
  0.  0.  0.  0.  3. -1. -1. 11.  5. 13.  4.  1.  1.  8.  0.  0.  0.  0.
  0.  0.  0.  0.  0.  0.  3.  3. -1.  5. 13.  4.  4.  1.  1.  1.  1.  1.
 -1.  2.  8.  0.  0.  0.  0.  0.  7.  7.  3. 11. 14. 13.  1.  1.  1.  1.
  1.  2.  0.  0.  0.  0.  0.  0. 10. 10.  3.  3. 11. 11.  5. 12. 13.  4.
  4.  1.  1.  1. -1.  2.  2.  2.  2.  0.  0.  3. -1. 11.  5. -1.  4.  4.
  1.  1.  2.  2.  2.  0.  0.  0.  0.  0.  0.  0.  0.  0.  0.  0.  0.  7.
  7.  7.  3.  3.  3. 11. 14.  5. 13.  4.  4.  4.  1.  1.  1.  1.  1.  1.
  1.  1.  2.  0.  0.  0.  0.  0.  6.  3.  3.  3. 11.  4.  4.  4.  1.  2.
  2.  8.  8.  0.  0.  0.  0.  0.  0.  0.  0.  6.  3. -1. 13.  4.  4.  1.
  1.  1.  1.  1.  1.  2.  0.  0.  0.  0.  0.  0.  0. -1. 14.  4.  4.  4.
  1.  1.  1. -1.  9.  2.  0.  0.  0.  0.  0.  6.  3. -1. -1. -1.  4.  4.
  0.  0.  0.  0.  0.  0.  0.  0.  0.  0.  0.  0.  0.  0.  0.  0.  0.  6.
 14. 14.  5. 13.  4.  4.  4.  1.  1.  0.  0.  0.  0.  0.  0.  0.  0.  0.
  0.  0.  0.  6.  3. 11.  5.  9.  2.  2.  8.  0.  0.  0.  0.  0.  0.  0.
  0.  0. 11.  0.  0.  0.  0.  0.  0.  0.  0.  0.  0.  0.  0.  0.  6.  6.
  3. -1.  5.  4.  4.  4.  9.  2.  8.  0.  0.  0.  0.  0.  0.  0.  7.  3.
  4.  1.  1.  9.  2.  0.  0.  0.  0.  0.  0.  0.  0.  0.  0.  0.  0.  0.
  0.  7.  3.  3. 14.  5.  4.  1.  9.  2.  2.  0.  0.  0.  0.  0.  0.  0.
  0.  6. 10. -1.  5. -1.  4.  4.  4.  1.  9.  9.  0.  0.  0.  0.  0.  0.
  0. -1.  6.  4.  4.  1.  8.  0.  0.  0.  0.  0.  0.  0.  0.  0.  0.  7.
 -1. 14.  1.  1.  9.  0.  0.  0.  0.  0.  0.  0.  0.  0.  0.  0.  6. -1.
  5.  4.  0.  0.  0.  0.  0.  0.  0.  0.  0.  0.  6. 10.  7.  3.  3.  4.
  4.  1.  8.  0.  0.  0.  0.  0.  0.  0.  0.  6.  6.  3. -1. -1.  5.  5.
  4.  4.  4.  1.  1.  2.  8.  0.  0.  0.  0.  0. -1.  4.  1.  1.  2.  2.
  0.  0.  0.  0.  0.  0.  0. 10.  7.  7.  3.  4.  4.  1.  1.  1.  2.  0.
  0.  0.  0.  0.  0.  0.  0.  0.  0.  0.  0.  6. 10. -1.  3. -1.  5.  1.
  2.  0.  0.  0.  0.  0.  0.  0.  0.  0.  0.  3. -1.  4.  4.  1.  9.  2.
  0.  0.  0.  0.  0.  0.  0.  0.  0.  0.  0. 10. 10. 10.  1.  1.  1.  1.
  1.  2.  2.  0.  0.  0.  0.  0.  0.  0.  0.  0.  3.  4.  4.  1.  1.  2.
  0.  0.  0.  0.  0.  0.  0.  0. 10.  4.  0.  0.  0.  0.  0.  0.  0.  0.
  0.  0.  0.  0.  5.  5.  5.  1.  1.  1.  9.  2.  2.  0.  0.  0.  0.  0.
  0.  0.  0.  0.  0.  0.  0.  0.  0. 10.  7. -1.  5.  5.  1. -1.  9.  2.
  2.  2.  8.  0.  0.  0.  0.  6.  4.  1.  9.  2.  2.  0.  0.  0.  0.  0.
  0.  0.  0.  0.  6.  6.  6.  3.  4.  4.  4.  9.  9.  9.  8.  0.  0.  0.
  0.  0.  0.  0.  0.  0.  0.  0.  0.  0.  0.  0.  0.  7.  5.  4.  4.  1.
  2.  0.  0.  0.  0.  0.  0.  0.  0.  0.  6. -1. -1.  5. -1.  4.  1.  1.
 -1.  2.  2.  0.  0.  0.  0.  0. 10.  3.  4.  1.  1.  1.  8.  0.  0.  0.
  0.  0.  0.  0.  0.  0.  0.  0.  0.  0. 10.  1.  2.  2. -1.  4.  4.  4.
  1.  1.  2. 10.  3.  3. -1. 11. 11. 12. 12. 12. 13.  4.  2.  0.  3. -1.
 11.  5. 12. 12. 12.  4.  4.  4.  4.  1.  1.  2.  2.  8.  0.  0.  0.  0.
  0.  3. -1. 11. 14.  5. 12.  4.  4.  1.  1.  9.  2.  0.  0.  0.  0.  0.
  0.  0.  0.  0.  0.  0.  0.  0.  0.  0.  7. 13.  4.  4.  9.  9.  2.  2.
  8.  0.  0.  0.  0.  0.  0.  0.  0.  0.  0.  0.  0.  0.  0.  0.  0.  0.
  0.  0.  0. 11. 11. 13. 13.  4.  1.  1.  0.  0.  0.  0.  0.  0.  0.  0.
  0.  0.  0.  0.  0.  0.  0.  0.  0.  6. -1. -1. -1. -1. 12. 12. 12.  1.
  1.  8.  0.  0.  0.  0.  0.  0.  0.  0.  0.  0.  0.  0.  0.  0.  0.  6.
 -1. -1. 11. 14. 14. 14. 14.  1.], Points: 872, Length: 872, Window: 470.0
Data buffer length: 368, clusterer length: 368
Labels: [ 2.  0.  0.  0.  0.  0.  0.  0.  0.  0.  0. -1. -1.  3.  3.  1.  4.  2.
  0.  0.  0.  0.  0.  0.  0.  0.  0.  0.  0. -1. -1. -1.  1.  1.  1.  1.
  1.  2.  2.  0.  0.  0.  0.  0.  0.  0.  0.  0. -1.  3.  3.  1.  1.  2.
  0.  0.  0.  0.  0.  0.  0.  0. -1.  3.  0.  0.  0.  0.  0.  0.  0.  0.
  0.  0.  0.  0.  6.  6.  6.  1.  1.  1.  4.  2.  2.  0.  0.  0.  0.  0.
  0.  0.  0.  0.  0.  0.  0.  0.  0. -1. -1. -1.  6.  6.  1. -1.  4.  2.
  2.  2. -1.  0.  0.  0.  0. -1.  3.  1.  4.  2.  2.  0.  0.  0.  0.  0.
  0.  0.  0.  0. -1. -1. -1. -1.  3.  3.  3.  4.  4.  4. -1.  0.  0.  0.
  0.  0.  0.  0.  0.  0.  0.  0.  0.  0.  0.  0.  0. -1.  6.  3.  3.  1.
  2.  0.  0.  0.  0.  0.  0.  0.  0.  0. -1. -1. -1.  6. -1.  3.  1.  1.
 -1.  2.  2.  0.  0.  0.  0.  0. -1. -1.  3.  1.  1.  1. -1.  0.  0.  0.
  0.  0.  0.  0.  0.  0.  0.  0.  0.  0. -1.  1.  2.  2. -1.  3.  3.  3.
  1.  1.  2. -1. -1. -1. -1. -1. -1.  5.  5.  5. -1.  3.  2.  0. -1. -1.
 -1.  6.  5.  5.  5.  3.  3.  3.  3.  1.  1.  2.  2. -1.  0.  0.  0.  0.
  0. -1. -1. -1. -1.  6.  5.  3.  3.  1.  1.  4.  2.  0.  0.  0.  0.  0.
  0.  0.  0.  0.  0.  0.  0.  0.  0.  0. -1. -1.  3.  3.  4.  4.  2.  2.
 -1.  0.  0.  0.  0.  0.  0.  0.  0.  0.  0.  0.  0.  0.  0.  0.  0.  0.
  0.  0.  0. -1. -1. -1. -1.  3.  1.  1.  0.  0.  0.  0.  0.  0.  0.  0.
  0.  0.  0.  0.  0.  0.  0.  0.  0. -1. -1. -1. -1. -1.  5.  5.  5.  1.
  1. -1.  0.  0.  0.  0.  0.  0.  0.  0.  0.  0.  0.  0.  0.  0.  0. -1.
 -1. -1. -1. -1. -1. -1. -1.  1.  2.  2.  0.  0.  0.  0.  0.  0.  0.  0.
  0.  0.  0.  0.  0.  0.  0.  0.  0.  0. -1. -1.  6. -1.  3.], Points: 393, Length: 393, Window: 210.0
Labels: [ 2.  0.  0.  0.  0.  0.  0.  0.  0.  0.  0. -1. -1.  3.  3.  1.  4.  2.
  0.  0.  0.  0.  0.  0.  0.  0.  0.  0.  0. -1. -1. -1.  1.  1.  1.  1.
  1.  2.  2.  0.  0.  0.  0.  0.  0.  0.  0.  0. -1.  3.  3.  1.  1.  2.
  0.  0.  0.  0.  0.  0.  0.  0. -1.  3.  0.  0.  0.  0.  0.  0.  0.  0.
  0.  0.  0.  0.  6.  6.  6.  1.  1.  1.  4.  2.  2.  0.  0.  0.  0.  0.
  0.  0.  0.  0.  0.  0.  0.  0.  0. -1. -1. -1.  6.  6.  1. -1.  4.  2.
  2.  2. -1.  0.  0.  0.  0. -1.  3.  1.  4.  2.  2.  0.  0.  0.  0.  0.
  0.  0.  0.  0. -1. -1. -1. -1.  3.  3.  3.  4.  4.  4. -1.  0.  0.  0.
  0.  0.  0.  0.  0.  0.  0.  0.  0.  0.  0.  0.  0. -1.  6.  3.  3.  1.
  2.  0.  0.  0.  0.  0.  0.  0.  0.  0. -1. -1. -1.  6. -1.  3.  1.  1.
 -1.  2.  2.  0.  0.  0.  0.  0. -1. -1.  3.  1.  1.  1. -1.  0.  0.  0.
  0.  0.  0.  0.  0.  0.  0.  0.  0.  0. -1.  1.  2.  2. -1.  3.  3.  3.
  1.  1.  2. -1. -1. -1. -1. -1. -1.  5.  5.  5. -1.  3.  2.  0. -1. -1.
 -1.  6.  5.  5.  5.  3.  3.  3.  3.  1.  1.  2.  2. -1.  0.  0.  0.  0.
  0. -1. -1. -1. -1.  6.  5.  3.  3.  1.  1.  4.  2.  0.  0.  0.  0.  0.
  0.  0.  0.  0.  0.  0.  0.  0.  0.  0. -1. -1.  3.  3.  4.  4.  2.  2.
 -1.  0.  0.  0.  0.  0.  0.  0.  0.  0.  0.  0.  0.  0.  0.  0.  0.  0.
  0.  0.  0. -1. -1. -1. -1.  3.  1.  1.  0.  0.  0.  0.  0.  0.  0.  0.
  0.  0.  0.  0.  0.  0.  0.  0.  0. -1. -1. -1. -1. -1.  5.  5.  5.  1.
  1. -1.  0.  0.  0.  0.  0.  0.  0.  0.  0.  0.  0.  0.  0.  0.  0. -1.
 -1. -1. -1. -1. -1. -1. -1.  1.  2.  2.  0.  0.  0.  0.  0.  0.  0.  0.
  0.  0.  0.  0.  0.  0.  0.  0.  0.  0. -1. -1.  6. -1.  3. -1.  0.  0.
  0.  0.  0.  0. -1. -1.  6. -1.  1.  1.], Points: 406, Length: 406, Window: 220.0
Labels: [ 2.  0.  0.  0.  0.  0.  0.  0.  0.  0.  0.  7. -1.  3.  3.  1.  4.  2.
  0.  0.  0.  0.  0.  0.  0.  0.  0.  0.  0. -1. -1. -1.  1.  1.  1.  1.
  1.  2.  2.  0.  0.  0.  0.  0.  0.  0.  0.  0.  7.  3.  3.  1.  1.  2.
  0.  0.  0.  0.  0.  0.  0.  0. -1.  3.  0.  0.  0.  0.  0.  0.  0.  0.
  0.  0.  0.  0.  6.  6.  6.  1.  1.  1.  4.  2.  2.  0.  0.  0.  0.  0.
  0.  0.  0.  0.  0.  0.  0.  0.  0. -1. -1. -1.  6.  6.  1. -1.  4.  2.
  2.  2. -1.  0.  0.  0.  0. -1.  3.  1.  4.  2.  2.  0.  0.  0.  0.  0.
  0.  0.  0.  0. -1. -1. -1.  7.  3.  3.  3.  4.  4.  4. -1.  0.  0.  0.
  0.  0.  0.  0.  0.  0.  0.  0.  0.  0.  0.  0.  0. -1.  6.  3.  3.  1.
  2.  0.  0.  0.  0.  0.  0.  0.  0.  0. -1. -1. -1.  6. -1.  3.  1.  1.
 -1.  2.  2.  0.  0.  0.  0.  0. -1.  7.  3.  1.  1.  1. -1.  0.  0.  0.
  0.  0.  0.  0.  0.  0.  0.  0.  0.  0. -1.  1.  2.  2. -1.  3.  3.  3.
  1.  1.  2. -1.  7.  7. -1. -1. -1.  5.  5.  5. -1.  3.  2.  0.  7. -1.
 -1.  6.  5.  5.  5.  3.  3.  3.  3.  1.  1.  2.  2. -1.  0.  0.  0.  0.
  0.  7. -1. -1. -1.  6.  5.  3.  3.  1.  1.  4.  2.  0.  0.  0.  0.  0.
  0.  0.  0.  0.  0.  0.  0.  0.  0.  0. -1. -1.  3.  3.  4.  4.  2.  2.
 -1.  0.  0.  0.  0.  0.  0.  0.  0.  0.  0.  0.  0.  0.  0.  0.  0.  0.
  0.  0.  0. -1. -1. -1. -1.  3.  1.  1.  0.  0.  0.  0.  0.  0.  0.  0.
  0.  0.  0.  0.  0.  0.  0.  0.  0. -1. -1. -1. -1. -1.  5.  5.  5.  1.
  1. -1.  0.  0.  0.  0.  0.  0.  0.  0.  0.  0.  0.  0.  0.  0.  0. -1.
 -1. -1. -1. -1. -1. -1. -1.  1.  2.  2.  0.  0.  0.  0.  0.  0.  0.  0.
  0.  0.  0.  0.  0.  0.  0.  0.  0.  0. -1. -1.  6. -1.  3. -1.  0.  0.
  0.  0.  0.  0. -1.  7.  6. -1.  1.  1.  2. -1.  0.  0.  0.  0.  0.  0.
  0.  0.  0.  0.  0.  7. -1. -1.  5. -1.  1.  1.  1.], Points: 427, Length: 427, Window: 230.0
Labels: [ 2.  0.  0.  0.  0.  0.  0.  0.  0.  0.  0.  7. -1.  3.  3.  1.  4.  2.
  0.  0.  0.  0.  0.  0.  0.  0.  0.  0.  0. -1. -1. -1.  1.  1.  1.  1.
  1.  2.  2.  0.  0.  0.  0.  0.  0.  0.  0.  0.  7.  3.  3.  1.  1.  2.
  0.  0.  0.  0.  0.  0.  0.  0. -1.  3.  0.  0.  0.  0.  0.  0.  0.  0.
  0.  0.  0.  0.  6.  6.  6.  1.  1.  1.  4.  2.  2.  0.  0.  0.  0.  0.
  0.  0.  0.  0.  0.  0.  0.  0.  0. -1. -1. -1.  6.  6.  1. -1.  4.  2.
  2.  2. -1.  0.  0.  0.  0. -1.  3.  1.  4.  2.  2.  0.  0.  0.  0.  0.
  0.  0.  0.  0. -1. -1. -1.  7.  3.  3.  3.  4.  4.  4. -1.  0.  0.  0.
  0.  0.  0.  0.  0.  0.  0.  0.  0.  0.  0.  0.  0. -1.  6.  3.  3.  1.
  2.  0.  0.  0.  0.  0.  0.  0.  0.  0. -1. -1. -1.  6. -1.  3.  1.  1.
 -1.  2.  2.  0.  0.  0.  0.  0. -1.  7.  3.  1.  1.  1. -1.  0.  0.  0.
  0.  0.  0.  0.  0.  0.  0.  0.  0.  0. -1.  1.  2.  2. -1.  3.  3.  3.
  1.  1.  2. -1.  7.  7. -1. -1. -1.  5.  5.  5. -1.  3.  2.  0.  7. -1.
 -1.  6.  5.  5.  5.  3.  3.  3.  3.  1.  1.  2.  2. -1.  0.  0.  0.  0.
  0.  7. -1. -1. -1.  6.  5.  3.  3.  1.  1.  4.  2.  0.  0.  0.  0.  0.
  0.  0.  0.  0.  0.  0.  0.  0.  0.  0. -1. -1.  3.  3.  4.  4.  2.  2.
 -1.  0.  0.  0.  0.  0.  0.  0.  0.  0.  0.  0.  0.  0.  0.  0.  0.  0.
  0.  0.  0. -1. -1. -1. -1.  3.  1.  1.  0.  0.  0.  0.  0.  0.  0.  0.
  0.  0.  0.  0.  0.  0.  0.  0.  0. -1. -1. -1. -1. -1.  5.  5.  5.  1.
  1. -1.  0.  0.  0.  0.  0.  0.  0.  0.  0.  0.  0.  0.  0.  0.  0. -1.
 -1. -1. -1. -1. -1. -1. -1.  1.  2.  2.  0.  0.  0.  0.  0.  0.  0.  0.
  0.  0.  0.  0.  0.  0.  0.  0.  0.  0. -1. -1.  6. -1.  3. -1.  0.  0.
  0.  0.  0.  0. -1.  7.  6. -1.  1.  1.  2. -1.  0.  0.  0.  0.  0.  0.
  0.  0.  0.  0.  0.  7. -1. -1.  5. -1.  1.  1.  1.  0.  0.  0.  0.  0.
  0.  0.  7.  7. -1. -1. -1.  6.  5. -1. -1.  3.  1.  1.  1.], Points: 447, Length: 447, Window: 240.0
Labels: [ 2.  0.  0.  0.  0.  0.  0.  0.  0.  0.  0.  7. -1.  3.  3.  1.  4.  2.
  0.  0.  0.  0.  0.  0.  0.  0.  0.  0.  0. -1. -1. -1.  1.  1.  1.  1.
  1.  2.  2.  0.  0.  0.  0.  0.  0.  0.  0.  0.  7.  3.  3.  1.  1.  2.
  0.  0.  0.  0.  0.  0.  0.  0. -1.  3.  0.  0.  0.  0.  0.  0.  0.  0.
  0.  0.  0.  0.  6.  6.  6.  1.  1.  1.  4.  2.  2.  0.  0.  0.  0.  0.
  0.  0.  0.  0.  0.  0.  0.  0.  0. -1. -1. -1.  6.  6.  1. -1.  4.  2.
  2.  2. -1.  0.  0.  0.  0. -1.  3.  1.  4.  2.  2.  0.  0.  0.  0.  0.
  0.  0.  0.  0. -1. -1. -1.  7.  3.  3.  3.  4.  4.  4. -1.  0.  0.  0.
  0.  0.  0.  0.  0.  0.  0.  0.  0.  0.  0.  0.  0. -1.  6.  3.  3.  1.
  2.  0.  0.  0.  0.  0.  0.  0.  0.  0. -1. -1. -1.  6. -1.  3.  1.  1.
 -1.  2.  2.  0.  0.  0.  0.  0. -1.  7.  3.  1.  1.  1. -1.  0.  0.  0.
  0.  0.  0.  0.  0.  0.  0.  0.  0.  0. -1.  1.  2.  2. -1.  3.  3.  3.
  1.  1.  2. -1.  7.  7. -1. -1. -1.  5.  5.  5. -1.  3.  2.  0.  7. -1.
 -1.  6.  5.  5.  5.  3.  3.  3.  3.  1.  1.  2.  2. -1.  0.  0.  0.  0.
  0.  7. -1. -1. -1.  6.  5.  3.  3.  1.  1.  4.  2.  0.  0.  0.  0.  0.
  0.  0.  0.  0.  0.  0.  0.  0.  0.  0. -1. -1.  3.  3.  4.  4.  2.  2.
 -1.  0.  0.  0.  0.  0.  0.  0.  0.  0.  0.  0.  0.  0.  0.  0.  0.  0.
  0.  0.  0. -1. -1. -1. -1.  3.  1.  1.  0.  0.  0.  0.  0.  0.  0.  0.
  0.  0.  0.  0.  0.  0.  0.  0.  0. -1. -1. -1. -1. -1.  5.  5.  5.  1.
  1. -1.  0.  0.  0.  0.  0.  0.  0.  0.  0.  0.  0.  0.  0.  0.  0. -1.
 -1. -1. -1. -1. -1. -1. -1.  1.  2.  2.  0.  0.  0.  0.  0.  0.  0.  0.
  0.  0.  0.  0.  0.  0.  0.  0.  0.  0. -1. -1.  6. -1.  3. -1.  0.  0.
  0.  0.  0.  0. -1.  7.  6. -1.  1.  1.  2. -1.  0.  0.  0.  0.  0.  0.
  0.  0.  0.  0.  0.  7. -1. -1.  5. -1.  1.  1.  1.  0.  0.  0.  0.  0.
  0.  0.  7.  7. -1. -1. -1.  6.  5. -1. -1.  3.  1.  1.  1. -1.  0.  0.
  0.  0.  0.  0.  0.  0.  0.  0.  0.  0.  0. -1. -1. -1. -1.  5.  5.  3.
  1.  1.  1.  1.  1.], Points: 473, Length: 473, Window: 250.0
Labels: [ 2.  0.  0.  0.  0.  0.  0.  0.  0.  0.  0.  7. -1.  3.  3.  1.  4.  2.
  0.  0.  0.  0.  0.  0.  0.  0.  0.  0.  0. -1. -1. -1.  1.  1.  1.  1.
  1.  2.  2.  0.  0.  0.  0.  0.  0.  0.  0.  0.  7.  3.  3.  1.  1.  2.
  0.  0.  0.  0.  0.  0.  0.  0. -1.  3.  0.  0.  0.  0.  0.  0.  0.  0.
  0.  0.  0.  0.  6.  6.  6.  1.  1.  1.  4.  2.  2.  0.  0.  0.  0.  0.
  0.  0.  0.  0.  0.  0.  0.  0.  0. -1. -1. -1.  6.  6.  1. -1.  4.  2.
  2.  2.  8.  0.  0.  0.  0. -1.  3.  1.  4.  2.  2.  0.  0.  0.  0.  0.
  0.  0.  0.  0. -1. -1. -1.  7.  3.  3.  3.  4.  4.  4.  8.  0.  0.  0.
  0.  0.  0.  0.  0.  0.  0.  0.  0.  0.  0.  0.  0. -1.  6.  3.  3.  1.
  2.  0.  0.  0.  0.  0.  0.  0.  0.  0. -1. -1. -1.  6. -1.  3.  1.  1.
 -1.  2.  2.  0.  0.  0.  0.  0. -1.  7.  3.  1.  1.  1.  8.  0.  0.  0.
  0.  0.  0.  0.  0.  0.  0.  0.  0.  0. -1.  1.  2.  2. -1.  3.  3.  3.
  1.  1.  2. -1.  7.  7. -1. -1. -1.  5.  5.  5.  9.  3.  2.  0.  7. -1.
 -1.  6.  5.  5.  5.  3.  3.  3.  3.  1.  1.  2.  2.  8.  0.  0.  0.  0.
  0.  7. -1. -1. -1.  6.  5.  3.  3.  1.  1.  4.  2.  0.  0.  0.  0.  0.
  0.  0.  0.  0.  0.  0.  0.  0.  0.  0. -1.  9.  3.  3.  4.  4.  2.  2.
  8.  0.  0.  0.  0.  0.  0.  0.  0.  0.  0.  0.  0.  0.  0.  0.  0.  0.
  0.  0.  0. -1. -1.  9.  9.  3.  1.  1.  0.  0.  0.  0.  0.  0.  0.  0.
  0.  0.  0.  0.  0.  0.  0.  0.  0. -1. -1. -1. -1. -1.  5.  5.  5.  1.
  1.  8.  0.  0.  0.  0.  0.  0.  0.  0.  0.  0.  0.  0.  0.  0.  0. -1.
 -1. -1. -1. -1. -1. -1. -1.  1.  2.  2.  0.  0.  0.  0.  0.  0.  0.  0.
  0.  0.  0.  0.  0.  0.  0.  0.  0.  0. -1. -1.  6.  9.  3.  8.  0.  0.
  0.  0.  0.  0. -1.  7.  6.  9.  1.  1.  2.  8.  0.  0.  0.  0.  0.  0.
  0.  0.  0.  0.  0.  7. -1. -1.  5.  9.  1.  1.  1.  0.  0.  0.  0.  0.
  0.  0.  7.  7. -1. -1. -1.  6.  5.  9. -1.  3.  1.  1.  1.  8.  0.  0.
  0.  0.  0.  0.  0.  0.  0.  0.  0.  0.  0. -1. -1. -1. -1.  5.  5.  3.
  1.  1.  1.  1.  1.  8.  0.  0.  0.  0.  0.  0.  0.  0.  0.  7. -1. -1.
 -1.  5.  9.  9. -1.  3.  3.  3.  3.  1.  1.], Points: 497, Length: 497, Window: 260.0
Labels: [ 2.  0.  0.  0.  0.  0.  0.  0.  0.  0.  0.  7. -1.  3.  3.  1.  4.  2.
  0.  0.  0.  0.  0.  0.  0.  0.  0.  0.  0. -1. -1. -1.  1.  1.  1.  1.
  1.  2.  2.  0.  0.  0.  0.  0.  0.  0.  0.  0.  7.  3.  3.  1.  1.  2.
  0.  0.  0.  0.  0.  0.  0.  0. -1.  3.  0.  0.  0.  0.  0.  0.  0.  0.
  0.  0.  0.  0.  6.  6.  6.  1.  1.  1.  4.  2.  2.  0.  0.  0.  0.  0.
  0.  0.  0.  0.  0.  0.  0.  0.  0. -1. -1. -1.  6.  6.  1. -1.  4.  2.
  2.  2.  8.  0.  0.  0.  0. -1.  3.  1.  4.  2.  2.  0.  0.  0.  0.  0.
  0.  0.  0.  0. -1. -1. -1.  7.  3.  3.  3.  4.  4.  4.  8.  0.  0.  0.
  0.  0.  0.  0.  0.  0.  0.  0.  0.  0.  0.  0.  0. -1.  6.  3.  3.  1.
  2.  0.  0.  0.  0.  0.  0.  0.  0.  0. -1. -1. -1.  6. -1.  3.  1.  1.
 -1.  2.  2.  0.  0.  0.  0.  0. -1.  7.  3.  1.  1.  1.  8.  0.  0.  0.
  0.  0.  0.  0.  0.  0.  0.  0.  0.  0. -1.  1.  2.  2. -1.  3.  3.  3.
  1.  1.  2. -1.  7.  7. -1. -1. -1.  5.  5.  5.  9.  3.  2.  0.  7. -1.
 -1.  6.  5.  5.  5.  3.  3.  3.  3.  1.  1.  2.  2.  8.  0.  0.  0.  0.
  0.  7. -1. -1. 10.  6.  5.  3.  3.  1.  1.  4.  2.  0.  0.  0.  0.  0.
  0.  0.  0.  0.  0.  0.  0.  0.  0.  0. -1.  9.  3.  3.  4.  4.  2.  2.
  8.  0.  0.  0.  0.  0.  0.  0.  0.  0.  0.  0.  0.  0.  0.  0.  0.  0.
  0.  0.  0. -1. -1.  9.  9.  3.  1.  1.  0.  0.  0.  0.  0.  0.  0.  0.
  0.  0.  0.  0.  0.  0.  0.  0.  0. -1. -1. -1. -1. -1.  5.  5.  5.  1.
  1.  8.  0.  0.  0.  0.  0.  0.  0.  0.  0.  0.  0.  0.  0.  0.  0. -1.
 -1. -1. -1. 10. 10. 10. 10.  1.  2.  2.  0.  0.  0.  0.  0.  0.  0.  0.
  0.  0.  0.  0.  0.  0.  0.  0.  0.  0. -1. -1.  6.  9.  3.  8.  0.  0.
  0.  0.  0.  0. -1.  7.  6.  9.  1.  1.  2.  8.  0.  0.  0.  0.  0.  0.
  0.  0.  0.  0.  0.  7. -1. 10.  5.  9.  1.  1.  1.  0.  0.  0.  0.  0.
  0.  0.  7.  7. -1. 10. 10.  6.  5.  9. -1.  3.  1.  1.  1.  8.  0.  0.
  0.  0.  0.  0.  0.  0.  0.  0.  0.  0.  0. -1. -1. -1. 10.  5.  5.  3.
  1.  1.  1.  1.  1.  8.  0.  0.  0.  0.  0.  0.  0.  0.  0.  7. -1. -1.
 -1.  5.  9.  9. -1.  3.  3.  3.  3.  1.  1.  2.  2.  0.  0.  0.  0.  0.
  0.  0.  0.  0.  0.  0. -1. -1.  7.  7.  7. -1. -1. 10.  6.  5.  3.  3.
  3.  3.  1.  1.], Points: 526, Length: 526, Window: 270.0
Data buffer length: 408, clusterer length: 408
Labels: [-1.  3.  3.  0.  0.  0.  0.  0.  0.  0.  0.  0. -1. -1. -1.  5.  1.  1.
  1. -1. -1. -1. -1.  0.  0.  0.  0.  0.  0.  0.  0.  0.  0.  0.  0.  0.
  0.  0.  0. -1. -1.  1.  1.  2.  3.  0.  0.  0.  0.  0.  0.  0.  0.  0.
 -1. -1. -1. -1. -1.  1.  2.  2. -1.  3.  3.  0.  0.  0.  0.  0. -1.  5.
  1.  2.  2.  2. -1.  0.  0.  0.  0.  0.  0.  0.  0.  0.  0.  0.  0.  0.
 -1.  2.  3.  3. -1.  1.  1.  1.  2.  2.  3. -1.  5.  5. -1. -1. -1.  4.
  4.  4.  6.  1.  3.  0.  5. -1. -1. -1.  4.  4.  4.  1.  1.  1.  1.  2.
  2.  3.  3. -1.  0.  0.  0.  0.  0.  5. -1. -1.  7. -1.  4.  1.  1.  2.
  2. -1.  3.  0.  0.  0.  0.  0.  0.  0.  0.  0.  0.  0.  0.  0.  0.  0.
 -1.  6.  1.  1. -1. -1.  3.  3. -1.  0.  0.  0.  0.  0.  0.  0.  0.  0.
  0.  0.  0.  0.  0.  0.  0.  0.  0.  0.  0. -1. -1.  6.  6.  1.  2.  2.
  0.  0.  0.  0.  0.  0.  0.  0.  0.  0.  0.  0.  0.  0.  0.  0.  0. -1.
 -1. -1. -1. -1.  4.  4.  4.  2.  2. -1.  0.  0.  0.  0.  0.  0.  0.  0.
  0.  0.  0.  0.  0.  0.  0. -1. -1. -1. -1.  7.  7.  7.  7.  2.  3.  3.
  0.  0.  0.  0.  0.  0.  0.  0.  0.  0.  0.  0.  0.  0.  0.  0.  0.  0.
 -1. -1. -1.  6.  1. -1.  0.  0.  0.  0.  0.  0. -1.  5. -1.  6.  2.  2.
  3. -1.  0.  0.  0.  0.  0.  0.  0.  0.  0.  0.  0.  5. -1.  7.  4.  6.
  2.  2.  2.  0.  0.  0.  0.  0.  0.  0.  5.  5. -1.  7.  7. -1.  4.  6.
 -1.  1.  2.  2.  2. -1.  0.  0.  0.  0.  0.  0.  0.  0.  0.  0.  0.  0.
  0. -1. -1. -1.  7.  4.  4.  1.  2.  2.  2.  2.  2. -1.  0.  0.  0.  0.
  0.  0.  0.  0.  0.  5. -1. -1. -1.  4.  6.  6. -1.  1.  1.  1.  1.  2.
  2.  3.  3.  0.  0.  0.  0.  0.  0.  0.  0.  0.  0.  0. -1. -1.  5.  5.
  5. -1. -1.  7. -1.  4.  1.  1.  1.  1.  2.  2. -1.  3.  0.  0.  0.  0.
  0.  0.  0.  0.  0.  0. -1.  5. -1.  6.  1.  2.  2.  2.  2.  2.], Points: 430, Length: 430, Window: 210.0
Labels: [-1.  3.  3.  0.  0.  0.  0.  0.  0.  0.  0.  0. -1. -1. -1.  5.  1.  1.
  1. -1. -1. -1.  8.  0.  0.  0.  0.  0.  0.  0.  0.  0.  0.  0.  0.  0.
  0.  0.  0. -1. 11.  1.  1.  2.  3.  0.  0.  0.  0.  0.  0.  0.  0.  0.
 -1. -1.  9. 11. -1.  1.  2.  2. -1.  3.  3.  0.  0.  0.  0.  0. -1.  5.
  1.  2.  2.  2.  8.  0.  0.  0.  0.  0.  0.  0.  0.  0.  0.  0.  0.  0.
 -1.  2.  3.  3. -1.  1.  1.  1.  2.  2.  3. -1.  5.  5.  9. 10. 10.  4.
  4.  4.  6.  1.  3.  0.  5.  9. 10. 11.  4.  4.  4.  1.  1.  1.  1.  2.
  2.  3.  3.  8.  0.  0.  0.  0.  0.  5. -1. 10.  7. 11.  4.  1.  1.  2.
  2. -1.  3.  0.  0.  0.  0.  0.  0.  0.  0.  0.  0.  0.  0.  0.  0.  0.
 -1.  6.  1.  1. -1. -1.  3.  3.  8.  0.  0.  0.  0.  0.  0.  0.  0.  0.
  0.  0.  0.  0.  0.  0.  0.  0.  0.  0.  0. 10. 10.  6.  6.  1.  2.  2.
  0.  0.  0.  0.  0.  0.  0.  0.  0.  0.  0.  0.  0.  0.  0.  0.  0. -1.
 -1. -1. -1.  9.  4.  4.  4.  2.  2.  8.  0.  0.  0.  0.  0.  0.  0.  0.
  0.  0.  0.  0.  0.  0.  0. -1. -1. -1. 10.  7.  7.  7.  7.  2.  3.  3.
  0.  0.  0.  0.  0.  0.  0.  0.  0.  0.  0.  0.  0.  0.  0.  0.  0.  0.
  9.  9. 11.  6.  1.  8.  0.  0.  0.  0.  0.  0. -1.  5. 11.  6.  2.  2.
  3.  8.  0.  0.  0.  0.  0.  0.  0.  0.  0.  0.  0.  5.  9.  7.  4.  6.
  2.  2.  2.  0.  0.  0.  0.  0.  0.  0.  5.  5. -1.  7.  7. 11.  4.  6.
 -1.  1.  2.  2.  2.  8.  0.  0.  0.  0.  0.  0.  0.  0.  0.  0.  0.  0.
  0. -1.  9. -1.  7.  4.  4.  1.  2.  2.  2.  2.  2.  8.  0.  0.  0.  0.
  0.  0.  0.  0.  0.  5. -1.  9. 10.  4.  6.  6. -1.  1.  1.  1.  1.  2.
  2.  3.  3.  0.  0.  0.  0.  0.  0.  0.  0.  0.  0.  0. -1. -1.  5.  5.
  5. -1. 10.  7. 11.  4.  1.  1.  1.  1.  2.  2. -1.  3.  0.  0.  0.  0.
  0.  0.  0.  0.  0.  0. -1.  5. 11.  6.  1.  2.  2.  2.  2.  2.  8.  0.
  0.  0.  0.  0.  0.  0.  0.  0.  0.  0.  0.  0.  0.  0.  0.  0.  0.  0.
  0.  5.  5. -1. -1. -1.  9.  9. 10. 10.  7.  7. 11.  4.  4.  6.  1.  1.
  1.  1.  2.  2.  2.  2.  2.  2.  2.  2.], Points: 478, Length: 478, Window: 220.0
Labels: [-1.  3.  3.  0.  0.  0.  0.  0.  0.  0.  0.  0. -1. -1. -1.  5.  1.  1.
  1. -1. -1. -1.  8.  0.  0.  0.  0.  0.  0.  0.  0.  0.  0.  0.  0.  0.
  0.  0.  0. -1. 11.  1.  1.  2.  3.  0.  0.  0.  0.  0.  0.  0.  0.  0.
 -1. -1.  9. 11. -1.  1.  2.  2. -1.  3.  3.  0.  0.  0.  0.  0. -1.  5.
  1.  2.  2.  2.  8.  0.  0.  0.  0.  0.  0.  0.  0.  0.  0.  0.  0.  0.
 -1.  2.  3.  3. -1.  1.  1.  1.  2.  2.  3. -1.  5.  5.  9. 10. 10.  4.
  4.  4.  6.  1.  3.  0.  5.  9. 10. 11.  4.  4.  4.  1.  1.  1.  1.  2.
  2.  3.  3.  8.  0.  0.  0.  0.  0.  5. -1. 10.  7. 11.  4.  1.  1.  2.
  2. -1.  3.  0.  0.  0.  0.  0.  0.  0.  0.  0.  0.  0.  0.  0.  0.  0.
 -1.  6.  1.  1. -1. -1.  3.  3.  8.  0.  0.  0.  0.  0.  0.  0.  0.  0.
  0.  0.  0.  0.  0.  0.  0.  0.  0.  0.  0. 10. 10.  6.  6.  1.  2.  2.
  0.  0.  0.  0.  0.  0.  0.  0.  0.  0.  0.  0.  0.  0.  0.  0.  0. -1.
 -1. -1. -1.  9.  4.  4.  4.  2.  2.  8.  0.  0.  0.  0.  0.  0.  0.  0.
  0.  0.  0.  0.  0.  0.  0. -1. -1. -1. 10.  7.  7.  7.  7.  2.  3.  3.
  0.  0.  0.  0.  0.  0.  0.  0.  0.  0.  0.  0.  0.  0.  0.  0.  0.  0.
  9.  9. 11.  6.  1.  8.  0.  0.  0.  0.  0.  0. -1.  5. 11.  6.  2.  2.
  3.  8.  0.  0.  0.  0.  0.  0.  0.  0.  0.  0.  0.  5.  9.  7.  4.  6.
  2.  2.  2.  0.  0.  0.  0.  0.  0.  0.  5.  5. -1.  7.  7. 11.  4.  6.
 -1.  1.  2.  2.  2.  8.  0.  0.  0.  0.  0.  0.  0.  0.  0.  0.  0.  0.
  0. -1.  9. -1.  7.  4.  4.  1.  2.  2.  2.  2.  2.  8.  0.  0.  0.  0.
  0.  0.  0.  0.  0.  5. -1.  9. 10.  4.  6.  6. -1.  1.  1.  1.  1.  2.
  2.  3.  3.  0.  0.  0.  0.  0.  0.  0.  0.  0.  0.  0. -1. -1.  5.  5.
  5. -1. 10.  7. 11.  4.  1.  1.  1.  1.  2.  2. -1.  3.  0.  0.  0.  0.
  0.  0.  0.  0.  0.  0. -1.  5. 11.  6.  1.  2.  2.  2.  2.  2.  8.  0.
  0.  0.  0.  0.  0.  0.  0.  0.  0.  0.  0.  0.  0.  0.  0.  0.  0.  0.
  0.  5.  5. -1. -1. -1.  9.  9. 10. 10.  7.  7. 11.  4.  4.  6.  1.  1.
  1.  1.  2.  2.  2.  2.  2.  2.  2.  2.  8.  0.  0.  0.  0.  0.  0.  0.
  0.  0.  0.  0.  0.  0.  0.  5.  5. 10. 11. 11.  4.  6.  6.  1.  1.  2.
  2.  2.  2.  2.  2.], Points: 509, Length: 509, Window: 230.0
Labels: [-1.  3.  3.  0.  0.  0.  0.  0.  0.  0.  0.  0. -1. -1. -1.  5.  1.  1.
  1. -1. -1. -1.  8.  0.  0.  0.  0.  0.  0.  0.  0.  0.  0.  0.  0.  0.
  0.  0.  0. -1. 11.  1.  1.  2.  3.  0.  0.  0.  0.  0.  0.  0.  0.  0.
 -1. -1.  9. 11. -1.  1.  2.  2. -1.  3.  3.  0.  0.  0.  0.  0. -1.  5.
  1.  2.  2.  2.  8.  0.  0.  0.  0.  0.  0.  0.  0.  0.  0.  0.  0.  0.
 -1.  2.  3.  3. -1.  1.  1.  1.  2.  2.  3. -1.  5.  5.  9. 10. 10.  4.
  4.  4.  6.  1.  3.  0.  5.  9. 10. 11.  4.  4.  4.  1.  1.  1.  1.  2.
  2.  3.  3.  8.  0.  0.  0.  0.  0.  5. -1. 10.  7. 11.  4.  1.  1.  2.
  2. -1.  3.  0.  0.  0.  0.  0.  0.  0.  0.  0.  0.  0.  0.  0.  0.  0.
 -1.  6.  1.  1. -1. -1.  3.  3.  8.  0.  0.  0.  0.  0.  0.  0.  0.  0.
  0.  0.  0.  0.  0.  0.  0.  0.  0.  0.  0. 10. 10.  6.  6.  1.  2.  2.
  0.  0.  0.  0.  0.  0.  0.  0.  0.  0.  0.  0.  0.  0.  0.  0.  0. -1.
 -1. -1. -1.  9.  4.  4.  4.  2.  2.  8.  0.  0.  0.  0.  0.  0.  0.  0.
  0.  0.  0.  0.  0.  0.  0. -1. -1. -1. 10.  7.  7.  7.  7.  2.  3.  3.
  0.  0.  0.  0.  0.  0.  0.  0.  0.  0.  0.  0.  0.  0.  0.  0.  0.  0.
  9.  9. 11.  6.  1.  8.  0.  0.  0.  0.  0.  0. -1.  5. 11.  6.  2.  2.
  3.  8.  0.  0.  0.  0.  0.  0.  0.  0.  0.  0.  0.  5.  9.  7.  4.  6.
  2.  2.  2.  0.  0.  0.  0.  0.  0.  0.  5.  5. -1.  7.  7. 11.  4.  6.
 -1.  1.  2.  2.  2.  8.  0.  0.  0.  0.  0.  0.  0.  0.  0.  0.  0.  0.
  0. -1.  9. -1.  7.  4.  4.  1.  2.  2.  2.  2.  2.  8.  0.  0.  0.  0.
  0.  0.  0.  0.  0.  5. -1.  9. 10.  4.  6.  6. -1.  1.  1.  1.  1.  2.
  2.  3.  3.  0.  0.  0.  0.  0.  0.  0.  0.  0.  0.  0. -1. -1.  5.  5.
  5. -1. 10.  7. 11.  4.  1.  1.  1.  1.  2.  2. -1.  3.  0.  0.  0.  0.
  0.  0.  0.  0.  0.  0. -1.  5. 11.  6.  1.  2.  2.  2.  2.  2.  8.  0.
  0.  0.  0.  0.  0.  0.  0.  0.  0.  0.  0.  0.  0.  0.  0.  0.  0.  0.
  0.  5.  5. -1. -1. -1.  9.  9. 10. 10.  7.  7. 11.  4.  4.  6.  1.  1.
  1.  1.  2.  2.  2.  2.  2.  2.  2.  2.  8.  0.  0.  0.  0.  0.  0.  0.
  0.  0.  0.  0.  0.  0.  0.  5.  5. 10. 11. 11.  4.  6.  6.  1.  1.  2.
  2.  2.  2.  2.  2. -1.  3.  3.  3.  8.  8.  0.  0.  0.  0.  0.  0.  0.
  0.  0.  0.  0. -1. -1. -1.  5.  5.  5. -1. 10. 10.  7. 11.  4.  4.  6.
  6.  6.  6.  1.  1.  2.  2.  2.  2.], Points: 549, Length: 549, Window: 240.0
Labels: [-1.  3.  3.  0.  0.  0.  0.  0.  0.  0.  0.  0. -1. -1. -1.  5.  1.  1.
  1. -1. -1. -1.  8.  0.  0.  0.  0.  0.  0.  0.  0.  0.  0.  0.  0.  0.
  0.  0.  0. -1. 11.  1.  1.  2.  3.  0.  0.  0.  0.  0.  0.  0.  0.  0.
 -1. -1.  9. 11. -1.  1.  2.  2. -1.  3.  3.  0.  0.  0.  0.  0. -1.  5.
  1.  2.  2.  2.  8.  0.  0.  0.  0.  0.  0.  0.  0.  0.  0.  0.  0.  0.
 -1.  2.  3.  3. -1.  1.  1.  1.  2.  2.  3. -1.  5.  5.  9. 10. 10.  4.
  4.  4.  6.  1.  3.  0.  5.  9. 10. 11.  4.  4.  4.  1.  1.  1.  1.  2.
  2.  3.  3.  8.  0.  0.  0.  0.  0.  5. -1. 10.  7. 11.  4.  1.  1.  2.
  2. -1.  3.  0.  0.  0.  0.  0.  0.  0.  0.  0.  0.  0.  0.  0.  0.  0.
 -1.  6.  1.  1. -1. -1.  3.  3.  8.  0.  0.  0.  0.  0.  0.  0.  0.  0.
  0.  0.  0.  0.  0.  0.  0.  0.  0.  0.  0. 10. 10.  6.  6.  1.  2.  2.
  0.  0.  0.  0.  0.  0.  0.  0.  0.  0.  0.  0.  0.  0.  0.  0.  0. -1.
 -1. -1. -1.  9.  4.  4.  4.  2.  2.  8.  0.  0.  0.  0.  0.  0.  0.  0.
  0.  0.  0.  0.  0.  0.  0. -1. -1. -1. 10.  7.  7.  7.  7.  2.  3.  3.
  0.  0.  0.  0.  0.  0.  0.  0.  0.  0.  0.  0.  0.  0.  0.  0.  0.  0.
  9.  9. 11.  6.  1.  8.  0.  0.  0.  0.  0.  0. -1.  5. 11.  6.  2.  2.
  3.  8.  0.  0.  0.  0.  0.  0.  0.  0.  0.  0.  0.  5.  9.  7.  4.  6.
  2.  2.  2.  0.  0.  0.  0.  0.  0.  0.  5.  5. -1.  7.  7. 11.  4.  6.
 -1.  1.  2.  2.  2.  8.  0.  0.  0.  0.  0.  0.  0.  0.  0.  0.  0.  0.
  0. -1.  9. -1.  7.  4.  4.  1.  2.  2.  2.  2.  2.  8.  0.  0.  0.  0.
  0.  0.  0.  0.  0.  5. -1.  9. 10.  4.  6.  6. -1.  1.  1.  1.  1.  2.
  2.  3.  3.  0.  0.  0.  0.  0.  0.  0.  0.  0.  0.  0. -1. -1.  5.  5.
  5. -1. 10.  7. 11.  4.  1.  1.  1.  1.  2.  2. -1.  3.  0.  0.  0.  0.
  0.  0.  0.  0.  0.  0. -1.  5. 11.  6.  1.  2.  2.  2.  2.  2.  8.  0.
  0.  0.  0.  0.  0.  0.  0.  0.  0.  0.  0.  0.  0.  0.  0.  0.  0.  0.
  0.  5.  5. -1. -1. -1.  9.  9. 10. 10.  7.  7. 11.  4.  4.  6.  1.  1.
  1.  1.  2.  2.  2.  2.  2.  2.  2.  2.  8.  0.  0.  0.  0.  0.  0.  0.
  0.  0.  0.  0.  0.  0.  0.  5.  5. 10. 11. 11.  4.  6.  6.  1.  1.  2.
  2.  2.  2.  2.  2. -1.  3.  3.  3.  8.  8.  0.  0.  0.  0.  0.  0.  0.
  0.  0.  0.  0. -1. -1. -1.  5.  5.  5. -1. 10. 10.  7. 11.  4.  4.  6.
  6.  6.  6.  1.  1.  2.  2.  2.  2. -1.  3.  3.  3.  0.  0.  0.  0.  0.
  0.  0.  0.  0.  0.  0.  0.  0.  0.  0. -1. -1.  5.  5. -1.  9. 10.  1.
  1.  1.  2.  2.  2.  2.], Points: 582, Length: 582, Window: 250.0
Labels: [-1.  3.  3.  0.  0.  0.  0.  0.  0.  0.  0.  0. -1. -1. -1.  5.  1.  1.
  1. -1. -1. -1.  8.  0.  0.  0.  0.  0.  0.  0.  0.  0.  0.  0.  0.  0.
  0.  0.  0. -1. 11.  1.  1.  2.  3.  0.  0.  0.  0.  0.  0.  0.  0.  0.
 -1. -1.  9. 11. -1.  1.  2.  2. -1.  3.  3.  0.  0.  0.  0.  0. -1.  5.
  1.  2.  2.  2.  8.  0.  0.  0.  0.  0.  0.  0.  0.  0.  0.  0.  0.  0.
 -1.  2.  3.  3. -1.  1.  1.  1.  2.  2.  3. -1.  5.  5.  9. 10. 10.  4.
  4.  4.  6.  1.  3.  0.  5.  9. 10. 11.  4.  4.  4.  1.  1.  1.  1.  2.
  2.  3.  3.  8.  0.  0.  0.  0.  0.  5. -1. 10.  7. 11.  4.  1.  1.  2.
  2. -1.  3.  0.  0.  0.  0.  0.  0.  0.  0.  0.  0.  0.  0.  0.  0.  0.
 -1.  6.  1.  1. -1. -1.  3.  3.  8.  0.  0.  0.  0.  0.  0.  0.  0.  0.
  0.  0.  0.  0.  0.  0.  0.  0.  0.  0.  0. 10. 10.  6.  6.  1.  2.  2.
  0.  0.  0.  0.  0.  0.  0.  0.  0.  0.  0.  0.  0.  0.  0.  0.  0. -1.
 -1. -1. -1.  9.  4.  4.  4.  2.  2.  8.  0.  0.  0.  0.  0.  0.  0.  0.
  0.  0.  0.  0.  0.  0.  0. -1. -1. -1. 10.  7.  7.  7.  7.  2.  3.  3.
  0.  0.  0.  0.  0.  0.  0.  0.  0.  0.  0.  0.  0.  0.  0.  0.  0.  0.
  9.  9. 11.  6.  1.  8.  0.  0.  0.  0.  0.  0. -1.  5. 11.  6.  2.  2.
  3.  8.  0.  0.  0.  0.  0.  0.  0.  0.  0.  0.  0.  5.  9.  7.  4.  6.
  2.  2.  2.  0.  0.  0.  0.  0.  0.  0.  5.  5. -1.  7.  7. 11.  4.  6.
 -1.  1.  2.  2.  2.  8.  0.  0.  0.  0.  0.  0.  0.  0.  0.  0.  0.  0.
  0. -1.  9. -1.  7.  4.  4.  1.  2.  2.  2.  2.  2.  8.  0.  0.  0.  0.
  0.  0.  0.  0.  0.  5. -1.  9. 10.  4.  6.  6. -1.  1.  1.  1.  1.  2.
  2.  3.  3.  0.  0.  0.  0.  0.  0.  0.  0.  0.  0.  0. -1. -1.  5.  5.
  5. -1. 10.  7. 11.  4.  1.  1.  1.  1.  2.  2. -1.  3.  0.  0.  0.  0.
  0.  0.  0.  0.  0.  0. -1.  5. 11.  6.  1.  2.  2.  2.  2.  2.  8.  0.
  0.  0.  0.  0.  0.  0.  0.  0.  0.  0.  0.  0.  0.  0.  0.  0.  0.  0.
  0.  5.  5. -1. -1. -1.  9.  9. 10. 10.  7.  7. 11.  4.  4.  6.  1.  1.
  1.  1.  2.  2.  2.  2.  2.  2.  2.  2.  8.  0.  0.  0.  0.  0.  0.  0.
  0.  0.  0.  0.  0.  0.  0.  5.  5. 10. 11. 11.  4.  6.  6.  1.  1.  2.
  2.  2.  2.  2.  2. -1.  3.  3.  3.  8.  8.  0.  0.  0.  0.  0.  0.  0.
  0.  0.  0.  0. -1. -1. -1.  5.  5.  5. -1. 10. 10.  7. 11.  4.  4.  6.
  6.  6.  6.  1.  1.  2.  2.  2.  2. -1.  3.  3.  3.  0.  0.  0.  0.  0.
  0.  0.  0.  0.  0.  0.  0.  0.  0.  0. -1. -1.  5.  5. -1.  9. 10.  1.
  1.  1.  2.  2.  2.  2.  3.  3.  3.  0.  0.  0.  0.  0.  0.  0.  0.  0.
 -1.  5. -1. 10. 11.  6.  1.  1.  1.  1.  1.  2.], Points: 606, Length: 606, Window: 260.0
Labels: [-1.  3.  3.  0.  0.  0.  0.  0.  0.  0.  0.  0. -1. -1. -1.  5.  1.  1.
  1. -1. -1. -1.  8.  0.  0.  0.  0.  0.  0.  0.  0.  0.  0.  0.  0.  0.
  0.  0.  0. -1. 11.  1.  1.  2.  3.  0.  0.  0.  0.  0.  0.  0.  0.  0.
 -1. -1.  9. 11. -1.  1.  2.  2. -1.  3.  3.  0.  0.  0.  0.  0. -1.  5.
  1.  2.  2.  2.  8.  0.  0.  0.  0.  0.  0.  0.  0.  0.  0.  0.  0.  0.
 -1.  2.  3.  3. -1.  1.  1.  1.  2.  2.  3. -1.  5.  5.  9. 10. 10.  4.
  4.  4.  6.  1.  3.  0.  5.  9. 10. 11.  4.  4.  4.  1.  1.  1.  1.  2.
  2.  3.  3.  8.  0.  0.  0.  0.  0.  5. -1. 10.  7. 11.  4.  1.  1.  2.
  2. -1.  3.  0.  0.  0.  0.  0.  0.  0.  0.  0.  0.  0.  0.  0.  0.  0.
 -1.  6.  1.  1. -1. -1.  3.  3.  8.  0.  0.  0.  0.  0.  0.  0.  0.  0.
  0.  0.  0.  0.  0.  0.  0.  0.  0.  0.  0. 10. 10.  6.  6.  1.  2.  2.
  0.  0.  0.  0.  0.  0.  0.  0.  0.  0.  0.  0.  0.  0.  0.  0.  0. -1.
 -1. -1. -1.  9.  4.  4.  4.  2.  2.  8.  0.  0.  0.  0.  0.  0.  0.  0.
  0.  0.  0.  0.  0.  0.  0. -1. -1. -1. 10.  7.  7.  7.  7.  2.  3.  3.
  0.  0.  0.  0.  0.  0.  0.  0.  0.  0.  0.  0.  0.  0.  0.  0.  0.  0.
  9.  9. 11.  6.  1.  8.  0.  0.  0.  0.  0.  0. -1.  5. 11.  6.  2.  2.
  3.  8.  0.  0.  0.  0.  0.  0.  0.  0.  0.  0.  0.  5.  9.  7.  4.  6.
  2.  2.  2.  0.  0.  0.  0.  0.  0.  0.  5.  5. -1.  7.  7. 11.  4.  6.
 -1.  1.  2.  2.  2.  8.  0.  0.  0.  0.  0.  0.  0.  0.  0.  0.  0.  0.
  0. -1.  9. -1.  7.  4.  4.  1.  2.  2.  2.  2.  2.  8.  0.  0.  0.  0.
  0.  0.  0.  0.  0.  5. -1.  9. 10.  4.  6.  6. -1.  1.  1.  1.  1.  2.
  2.  3.  3.  0.  0.  0.  0.  0.  0.  0.  0.  0.  0.  0. -1. -1.  5.  5.
  5. -1. 10.  7. 11.  4.  1.  1.  1.  1.  2.  2. -1.  3.  0.  0.  0.  0.
  0.  0.  0.  0.  0.  0. -1.  5. 11.  6.  1.  2.  2.  2.  2.  2.  8.  0.
  0.  0.  0.  0.  0.  0.  0.  0.  0.  0.  0.  0.  0.  0.  0.  0.  0.  0.
  0.  5.  5. -1. -1. -1.  9.  9. 10. 10.  7.  7. 11.  4.  4.  6.  1.  1.
  1.  1.  2.  2.  2.  2.  2.  2.  2.  2.  8.  0.  0.  0.  0.  0.  0.  0.
  0.  0.  0.  0.  0.  0.  0.  5.  5. 10. 11. 11.  4.  6.  6.  1.  1.  2.
  2.  2.  2.  2.  2. -1.  3.  3.  3.  8.  8.  0.  0.  0.  0.  0.  0.  0.
  0.  0.  0.  0. -1. -1. -1.  5.  5.  5. -1. 10. 10.  7. 11.  4.  4.  6.
  6.  6.  6.  1.  1.  2.  2.  2.  2. -1.  3.  3.  3.  0.  0.  0.  0.  0.
  0.  0.  0.  0.  0.  0.  0.  0.  0.  0. -1. -1.  5.  5. -1.  9. 10.  1.
  1.  1.  2.  2.  2.  2.  3.  3.  3.  0.  0.  0.  0.  0.  0.  0.  0.  0.
 -1.  5. -1. 10. 11.  6.  1.  1.  1.  1.  1.  2.  3.  0.  0.  0.  0.  0.
  0.  0.  0.  0.  0.  0.  0.  0.  0. -1. -1. -1.  5.  5.  5.  5.  5.  5.
 10. 10. 10.  7.  7. 11.  4.  6.  6.  1.  1.  1.  1.  2.  2.  2.  2.  2.
  2.  2.  2.  2.  2.], Points: 653, Length: 653, Window: 270.0
Data buffer length: 553, clusterer length: 553
Labels: [ 4. -1.  6.  6.  8.  9.  9.  2.  2.  2.  5.  1.  4.  0.  6.  8.  9. 10.
  2.  2.  2.  1.  1.  1.  1.  3.  3.  4.  4. 11.  0.  0.  0.  0.  0.  6.
 -1.  9.  7. 10.  2.  1.  1.  3.  3. -1.  4.  0.  0.  0.  0.  0.  0.  0.
  0.  0.  0.  0.  0.  0.  0.  0. -1.  5.  1.  1. -1. -1.  4.  4. 11.  0.
  0.  0.  0.  0.  0.  0.  0.  0.  0.  0.  0.  0.  0.  0.  0.  0.  0.  0.
  0.  9.  9.  5.  5.  1.  3.  3.  0.  0.  0.  0.  0.  0.  0.  0.  0.  0.
  0.  0.  0.  0.  0.  0.  0. -1. -1. -1. -1.  8.  2.  2.  2.  3.  3. 11.
  0.  0.  0.  0.  0.  0.  0.  0.  0.  0.  0.  0.  0.  0.  0. -1. -1. -1.
  9.  7.  7.  7.  7.  3.  4.  4.  0.  0.  0.  0.  0.  0.  0.  0.  0.  0.
  0.  0.  0.  0.  0.  0.  0.  0.  8.  8. 10.  5.  1. 11.  0.  0.  0.  0.
  0.  0. -1.  6. 10.  5.  3.  3.  4. 11.  0.  0.  0.  0.  0.  0.  0.  0.
  0.  0.  0.  6.  8.  7.  2.  5.  3.  3.  3.  0.  0.  0.  0.  0.  0.  0.
  6.  6. -1.  7.  7. 10.  2.  5. -1.  1.  3.  3.  3. 11.  0.  0.  0.  0.
  0.  0.  0.  0.  0.  0.  0.  0.  0. -1.  8. -1.  7.  2.  2.  1.  3.  3.
  3.  3.  3. 11.  0.  0.  0.  0.  0.  0.  0.  0.  0.  6. -1.  8.  9.  2.
  5.  5. -1.  1.  1.  1.  1.  3.  3.  4.  4.  0.  0.  0.  0.  0.  0.  0.
  0.  0.  0.  0. -1. -1.  6.  6.  6. -1.  9.  7. 10.  2.  1.  1.  1.  1.
  3.  3. -1.  4.  0.  0.  0.  0.  0.  0.  0.  0.  0.  0. -1.  6. 10.  5.
  1.  3.  3.  3.  3.  3. 11.  0.  0.  0.  0.  0.  0.  0.  0.  0.  0.  0.
  0.  0.  0.  0.  0.  0.  0.  0.  0.  6.  6. -1. -1. -1.  8.  8.  9.  9.
  7.  7. 10.  2.  2.  5.  1.  1.  1.  1.  3.  3.  3.  3.  3.  3.  3.  3.
 11.  0.  0.  0.  0.  0.  0.  0.  0.  0.  0.  0.  0.  0.  0.  6.  6.  9.
 10. 10.  2.  5.  5.  1.  1.  3.  3.  3.  3.  3.  3. -1.  4.  4.  4. 11.
 11.  0.  0.  0.  0.  0.  0.  0.  0.  0.  0.  0. -1. -1. -1.  6.  6.  6.
 -1.  9.  9.  7. 10.  2.  2.  5.  5.  5.  5.  1.  1.  3.  3.  3.  3. -1.
  4.  4.  4.  0.  0.  0.  0.  0.  0.  0.  0.  0.  0.  0.  0.  0.  0.  0.
 -1. -1.  6.  6. -1.  8.  9.  1.  1.  1.  3.  3.  3.  3.  4.  4.  4.  0.
  0.  0.  0.  0.  0.  0.  0.  0. -1.  6. -1.  9. 10.  5.  1.  1.  1.  1.
  1.  3.  4.  0.  0.  0.  0.  0.  0.  0.  0.  0.  0.  0.  0.  0.  0. -1.
 -1. -1.  6.  6.  6.  6.  6.  6.  9.  9.  9.  7.  7. 10.  2.  5.  5.  1.
  1.  1.  1.  3.  3.  3.  3.  3.  3.  3.  3.  3.  3.  4.  4.  0.  0.  0.
  0.  0.  0.  0. -1.  6.  6.  6.  5.  1.  1.  1.  1.  3.], Points: 572, Length: 572, Window: 210.0
Labels: [ 4. -1.  6.  6.  8.  9.  9.  2.  2.  2.  5.  1.  4.  0.  6.  8.  9. 10.
  2.  2.  2.  1.  1.  1.  1.  3.  3.  4.  4. 11.  0.  0.  0.  0.  0.  6.
 -1.  9.  7. 10.  2.  1.  1.  3.  3. -1.  4.  0.  0.  0.  0.  0.  0.  0.
  0.  0.  0.  0.  0.  0.  0.  0. -1.  5.  1.  1. -1. -1.  4.  4. 11.  0.
  0.  0.  0.  0.  0.  0.  0.  0.  0.  0.  0.  0.  0.  0.  0.  0.  0.  0.
  0.  9.  9.  5.  5.  1.  3.  3.  0.  0.  0.  0.  0.  0.  0.  0.  0.  0.
  0.  0.  0.  0.  0.  0.  0. -1. -1. -1. -1.  8.  2.  2.  2.  3.  3. 11.
  0.  0.  0.  0.  0.  0.  0.  0.  0.  0.  0.  0.  0.  0.  0. -1. -1. -1.
  9.  7.  7.  7.  7.  3.  4.  4.  0.  0.  0.  0.  0.  0.  0.  0.  0.  0.
  0.  0.  0.  0.  0.  0.  0.  0.  8.  8. 10.  5.  1. 11.  0.  0.  0.  0.
  0.  0. -1.  6. 10.  5.  3.  3.  4. 11.  0.  0.  0.  0.  0.  0.  0.  0.
  0.  0.  0.  6.  8.  7.  2.  5.  3.  3.  3.  0.  0.  0.  0.  0.  0.  0.
  6.  6. -1.  7.  7. 10.  2.  5. -1.  1.  3.  3.  3. 11.  0.  0.  0.  0.
  0.  0.  0.  0.  0.  0.  0.  0.  0. -1.  8. -1.  7.  2.  2.  1.  3.  3.
  3.  3.  3. 11.  0.  0.  0.  0.  0.  0.  0.  0.  0.  6. -1.  8.  9.  2.
  5.  5. -1.  1.  1.  1.  1.  3.  3.  4.  4.  0.  0.  0.  0.  0.  0.  0.
  0.  0.  0.  0. -1. -1.  6.  6.  6. -1.  9.  7. 10.  2.  1.  1.  1.  1.
  3.  3. -1.  4.  0.  0.  0.  0.  0.  0.  0.  0.  0.  0. -1.  6. 10.  5.
  1.  3.  3.  3.  3.  3. 11.  0.  0.  0.  0.  0.  0.  0.  0.  0.  0.  0.
  0.  0.  0.  0.  0.  0.  0.  0.  0.  6.  6. -1. -1. -1.  8.  8.  9.  9.
  7.  7. 10.  2.  2.  5.  1.  1.  1.  1.  3.  3.  3.  3.  3.  3.  3.  3.
 11.  0.  0.  0.  0.  0.  0.  0.  0.  0.  0.  0.  0.  0.  0.  6.  6.  9.
 10. 10.  2.  5.  5.  1.  1.  3.  3.  3.  3.  3.  3. -1.  4.  4.  4. 11.
 11.  0.  0.  0.  0.  0.  0.  0.  0.  0.  0.  0. -1. -1. -1.  6.  6.  6.
 -1.  9.  9.  7. 10.  2.  2.  5.  5.  5.  5.  1.  1.  3.  3.  3.  3. -1.
  4.  4.  4.  0.  0.  0.  0.  0.  0.  0.  0.  0.  0.  0.  0.  0.  0.  0.
 -1. -1.  6.  6. -1.  8.  9.  1.  1.  1.  3.  3.  3.  3.  4.  4.  4.  0.
  0.  0.  0.  0.  0.  0.  0.  0. -1.  6. -1.  9. 10.  5.  1.  1.  1.  1.
  1.  3.  4.  0.  0.  0.  0.  0.  0.  0.  0.  0.  0.  0.  0.  0.  0. -1.
 -1. -1.  6.  6.  6.  6.  6.  6.  9.  9.  9.  7.  7. 10.  2.  5.  5.  1.
  1.  1.  1.  3.  3.  3.  3.  3.  3.  3.  3.  3.  3.  4.  4.  0.  0.  0.
  0.  0.  0.  0. -1.  6.  6.  6.  5.  1.  1.  1.  1.  3.  4.  4. 11.  0.
  0.  0.  0.  0.  0.  0.  0.  0.  0.  0.  0.  0.  0.  0.  0.  0.  0. -1.
 -1.  6. -1.  9.  7.  2.  5.  5.  1.  1.  1.  1.  1.  1.  3.  3.  3.  3.
  3.  3.  3.  3.  3.], Points: 617, Length: 617, Window: 220.0
Labels: [ 4. -1.  6.  6.  8.  9.  9.  2.  2.  2.  5.  1.  4.  0.  6.  8.  9. 10.
  2.  2.  2.  1.  1.  1.  1.  3.  3.  4.  4. 11.  0.  0.  0.  0.  0.  6.
 -1.  9.  7. 10.  2.  1.  1.  3.  3. -1.  4.  0.  0.  0.  0.  0.  0.  0.
  0.  0.  0.  0.  0.  0.  0.  0. -1.  5.  1.  1. -1. -1.  4.  4. 11.  0.
  0.  0.  0.  0.  0.  0.  0.  0.  0.  0.  0.  0.  0.  0.  0.  0.  0.  0.
  0.  9.  9.  5.  5.  1.  3.  3.  0.  0.  0.  0.  0.  0.  0.  0.  0.  0.
  0.  0.  0.  0.  0.  0.  0. -1. -1. -1. -1.  8.  2.  2.  2.  3.  3. 11.
  0.  0.  0.  0.  0.  0.  0.  0.  0.  0.  0.  0.  0.  0.  0. -1. -1. -1.
  9.  7.  7.  7.  7.  3.  4.  4.  0.  0.  0.  0.  0.  0.  0.  0.  0.  0.
  0.  0.  0.  0.  0.  0.  0.  0.  8.  8. 10.  5.  1. 11.  0.  0.  0.  0.
  0.  0. -1.  6. 10.  5.  3.  3.  4. 11.  0.  0.  0.  0.  0.  0.  0.  0.
  0.  0.  0.  6.  8.  7.  2.  5.  3.  3.  3.  0.  0.  0.  0.  0.  0.  0.
  6.  6. -1.  7.  7. 10.  2.  5. -1.  1.  3.  3.  3. 11.  0.  0.  0.  0.
  0.  0.  0.  0.  0.  0.  0.  0.  0. -1.  8. -1.  7.  2.  2.  1.  3.  3.
  3.  3.  3. 11.  0.  0.  0.  0.  0.  0.  0.  0.  0.  6. -1.  8.  9.  2.
  5.  5. -1.  1.  1.  1.  1.  3.  3.  4.  4.  0.  0.  0.  0.  0.  0.  0.
  0.  0.  0.  0. -1. -1.  6.  6.  6. -1.  9.  7. 10.  2.  1.  1.  1.  1.
  3.  3. -1.  4.  0.  0.  0.  0.  0.  0.  0.  0.  0.  0. -1.  6. 10.  5.
  1.  3.  3.  3.  3.  3. 11.  0.  0.  0.  0.  0.  0.  0.  0.  0.  0.  0.
  0.  0.  0.  0.  0.  0.  0.  0.  0.  6.  6. -1. -1. -1.  8.  8.  9.  9.
  7.  7. 10.  2.  2.  5.  1.  1.  1.  1.  3.  3.  3.  3.  3.  3.  3.  3.
 11.  0.  0.  0.  0.  0.  0.  0.  0.  0.  0.  0.  0.  0.  0.  6.  6.  9.
 10. 10.  2.  5.  5.  1.  1.  3.  3.  3.  3.  3.  3. -1.  4.  4.  4. 11.
 11.  0.  0.  0.  0.  0.  0.  0.  0.  0.  0.  0. -1. -1. -1.  6.  6.  6.
 -1.  9.  9.  7. 10.  2.  2.  5.  5.  5.  5.  1.  1.  3.  3.  3.  3. -1.
  4.  4.  4.  0.  0.  0.  0.  0.  0.  0.  0.  0.  0.  0.  0.  0.  0.  0.
 -1. -1.  6.  6. -1.  8.  9.  1.  1.  1.  3.  3.  3.  3.  4.  4.  4.  0.
  0.  0.  0.  0.  0.  0.  0.  0. -1.  6. -1.  9. 10.  5.  1.  1.  1.  1.
  1.  3.  4.  0.  0.  0.  0.  0.  0.  0.  0.  0.  0.  0.  0.  0.  0. -1.
 -1. -1.  6.  6.  6.  6.  6.  6.  9.  9.  9.  7.  7. 10.  2.  5.  5.  1.
  1.  1.  1.  3.  3.  3.  3.  3.  3.  3.  3.  3.  3.  4.  4.  0.  0.  0.
  0.  0.  0.  0. -1.  6.  6.  6.  5.  1.  1.  1.  1.  3.  4.  4. 11.  0.
  0.  0.  0.  0.  0.  0.  0.  0.  0.  0.  0.  0.  0.  0.  0.  0.  0. -1.
 -1.  6. -1.  9.  7.  2.  5.  5.  1.  1.  1.  1.  1.  1.  3.  3.  3.  3.
  3.  3.  3.  3.  3.  0.  0.  0.  0. -1. -1.  2.  2.  3.  3.  3.], Points: 628, Length: 628, Window: 230.0
Labels: [ 4. -1.  6.  6.  8.  9.  9.  2.  2.  2.  5.  1.  4.  0.  6.  8.  9. 10.
  2.  2.  2.  1.  1.  1.  1.  3.  3.  4.  4. 11.  0.  0.  0.  0.  0.  6.
 -1.  9.  7. 10.  2.  1.  1.  3.  3. -1.  4.  0.  0.  0.  0.  0.  0.  0.
  0.  0.  0.  0.  0.  0.  0.  0. -1.  5.  1.  1. -1. -1.  4.  4. 11.  0.
  0.  0.  0.  0.  0.  0.  0.  0.  0.  0.  0.  0.  0.  0.  0.  0.  0.  0.
  0.  9.  9.  5.  5.  1.  3.  3.  0.  0.  0.  0.  0.  0.  0.  0.  0.  0.
  0.  0.  0.  0.  0.  0.  0. -1. -1. -1. -1.  8.  2.  2.  2.  3.  3. 11.
  0.  0.  0.  0.  0.  0.  0.  0.  0.  0.  0.  0.  0.  0.  0. -1. -1. -1.
  9.  7.  7.  7.  7.  3.  4.  4.  0.  0.  0.  0.  0.  0.  0.  0.  0.  0.
  0.  0.  0.  0.  0.  0.  0.  0.  8.  8. 10.  5.  1. 11.  0.  0.  0.  0.
  0.  0. -1.  6. 10.  5.  3.  3.  4. 11.  0.  0.  0.  0.  0.  0.  0.  0.
  0.  0.  0.  6.  8.  7.  2.  5.  3.  3.  3.  0.  0.  0.  0.  0.  0.  0.
  6.  6. -1.  7.  7. 10.  2.  5. -1.  1.  3.  3.  3. 11.  0.  0.  0.  0.
  0.  0.  0.  0.  0.  0.  0.  0.  0. -1.  8. -1.  7.  2.  2.  1.  3.  3.
  3.  3.  3. 11.  0.  0.  0.  0.  0.  0.  0.  0.  0.  6. -1.  8.  9.  2.
  5.  5. -1.  1.  1.  1.  1.  3.  3.  4.  4.  0.  0.  0.  0.  0.  0.  0.
  0.  0.  0.  0. -1. -1.  6.  6.  6. -1.  9.  7. 10.  2.  1.  1.  1.  1.
  3.  3. -1.  4.  0.  0.  0.  0.  0.  0.  0.  0.  0.  0. -1.  6. 10.  5.
  1.  3.  3.  3.  3.  3. 11.  0.  0.  0.  0.  0.  0.  0.  0.  0.  0.  0.
  0.  0.  0.  0.  0.  0.  0.  0.  0.  6.  6. -1. -1. -1.  8.  8.  9.  9.
  7.  7. 10.  2.  2.  5.  1.  1.  1.  1.  3.  3.  3.  3.  3.  3.  3.  3.
 11.  0.  0.  0.  0.  0.  0.  0.  0.  0.  0.  0.  0.  0.  0.  6.  6.  9.
 10. 10.  2.  5.  5.  1.  1.  3.  3.  3.  3.  3.  3. -1.  4.  4.  4. 11.
 11.  0.  0.  0.  0.  0.  0.  0.  0.  0.  0.  0. -1. -1. -1.  6.  6.  6.
 -1.  9.  9.  7. 10.  2.  2.  5.  5.  5.  5.  1.  1.  3.  3.  3.  3. -1.
  4.  4.  4.  0.  0.  0.  0.  0.  0.  0.  0.  0.  0.  0.  0.  0.  0.  0.
 -1. -1.  6.  6. -1.  8.  9.  1.  1.  1.  3.  3.  3.  3.  4.  4.  4.  0.
  0.  0.  0.  0.  0.  0.  0.  0. -1.  6. -1.  9. 10.  5.  1.  1.  1.  1.
  1.  3.  4.  0.  0.  0.  0.  0.  0.  0.  0.  0.  0.  0.  0.  0.  0. -1.
 -1. -1.  6.  6.  6.  6.  6.  6.  9.  9.  9.  7.  7. 10.  2.  5.  5.  1.
  1.  1.  1.  3.  3.  3.  3.  3.  3.  3.  3.  3.  3.  4.  4.  0.  0.  0.
  0.  0.  0.  0. -1.  6.  6.  6.  5.  1.  1.  1.  1.  3.  4.  4. 11.  0.
  0.  0.  0.  0.  0.  0.  0.  0.  0.  0.  0.  0.  0.  0.  0.  0.  0. -1.
 -1.  6. -1.  9.  7.  2.  5.  5.  1.  1.  1.  1.  1.  1.  3.  3.  3.  3.
  3.  3.  3.  3.  3.  0.  0.  0.  0. -1. -1.  2.  2.  3.  3.  3. -1. -1.
 -1. -1.  4.  4.  0.  0.  0.  0.  0.  0.  0. -1. -1.  6.  6. -1. -1. -1.
  8.  7.  5.  5.  1.  1.  1.  3.  3.], Points: 657, Length: 657, Window: 240.0
Labels: [ 4. -1.  6.  6.  8.  9.  9.  2.  2.  2.  5.  1.  4.  0.  6.  8.  9. 10.
  2.  2.  2.  1.  1.  1.  1.  3.  3.  4.  4. 11.  0.  0.  0.  0.  0.  6.
 -1.  9.  7. 10.  2.  1.  1.  3.  3. -1.  4.  0.  0.  0.  0.  0.  0.  0.
  0.  0.  0.  0.  0.  0.  0.  0. 13.  5.  1.  1. -1. -1.  4.  4. 11.  0.
  0.  0.  0.  0.  0.  0.  0.  0.  0.  0.  0.  0.  0.  0.  0.  0.  0.  0.
  0.  9.  9.  5.  5.  1.  3.  3.  0.  0.  0.  0.  0.  0.  0.  0.  0.  0.
  0.  0.  0.  0.  0.  0.  0. 12. -1. -1. -1.  8.  2.  2.  2.  3.  3. 11.
  0.  0.  0.  0.  0.  0.  0.  0.  0.  0.  0.  0.  0.  0.  0. 12. -1. -1.
  9.  7.  7.  7.  7.  3.  4.  4.  0.  0.  0.  0.  0.  0.  0.  0.  0.  0.
  0.  0.  0.  0.  0.  0.  0.  0.  8.  8. 10.  5.  1. 11.  0.  0.  0.  0.
  0.  0. 12.  6. 10.  5.  3.  3.  4. 11.  0.  0.  0.  0.  0.  0.  0.  0.
  0.  0.  0.  6.  8.  7.  2.  5.  3.  3.  3.  0.  0.  0.  0.  0.  0.  0.
  6.  6. -1.  7.  7. 10.  2.  5. -1.  1.  3.  3.  3. 11.  0.  0.  0.  0.
  0.  0.  0.  0.  0.  0.  0.  0.  0. -1.  8. -1.  7.  2.  2.  1.  3.  3.
  3.  3.  3. 11.  0.  0.  0.  0.  0.  0.  0.  0.  0.  6. -1.  8.  9.  2.
  5.  5. -1.  1.  1.  1.  1.  3.  3.  4.  4.  0.  0.  0.  0.  0.  0.  0.
  0.  0.  0.  0. -1. 12.  6.  6.  6. -1.  9.  7. 10.  2.  1.  1.  1.  1.
  3.  3. -1.  4.  0.  0.  0.  0.  0.  0.  0.  0.  0.  0. -1.  6. 10.  5.
  1.  3.  3.  3.  3.  3. 11.  0.  0.  0.  0.  0.  0.  0.  0.  0.  0.  0.
  0.  0.  0.  0.  0.  0.  0.  0.  0.  6.  6. -1. -1. -1.  8.  8.  9.  9.
  7.  7. 10.  2.  2.  5.  1.  1.  1.  1.  3.  3.  3.  3.  3.  3.  3.  3.
 11.  0.  0.  0.  0.  0.  0.  0.  0.  0.  0.  0.  0.  0.  0.  6.  6.  9.
 10. 10.  2.  5.  5.  1.  1.  3.  3.  3.  3.  3.  3. -1.  4.  4.  4. 11.
 11.  0.  0.  0.  0.  0.  0.  0.  0.  0.  0.  0. -1. 13. 13.  6.  6.  6.
 -1.  9.  9.  7. 10.  2.  2.  5.  5.  5.  5.  1.  1.  3.  3.  3.  3. -1.
  4.  4.  4.  0.  0.  0.  0.  0.  0.  0.  0.  0.  0.  0.  0.  0.  0.  0.
 -1. 13.  6.  6. -1.  8.  9.  1.  1.  1.  3.  3.  3.  3.  4.  4.  4.  0.
  0.  0.  0.  0.  0.  0.  0.  0. 13.  6. -1.  9. 10.  5.  1.  1.  1.  1.
  1.  3.  4.  0.  0.  0.  0.  0.  0.  0.  0.  0.  0.  0.  0.  0.  0. 12.
 13. 13.  6.  6.  6.  6.  6.  6.  9.  9.  9.  7.  7. 10.  2.  5.  5.  1.
  1.  1.  1.  3.  3.  3.  3.  3.  3.  3.  3.  3.  3.  4.  4.  0.  0.  0.
  0.  0.  0.  0. 13.  6.  6.  6.  5.  1.  1.  1.  1.  3.  4.  4. 11.  0.
  0.  0.  0.  0.  0.  0.  0.  0.  0.  0.  0.  0.  0.  0.  0.  0.  0. 12.
 13.  6. -1.  9.  7.  2.  5.  5.  1.  1.  1.  1.  1.  1.  3.  3.  3.  3.
  3.  3.  3.  3.  3.  0.  0.  0.  0. 12. -1.  2.  2.  3.  3.  3. -1. -1.
 -1. -1.  4.  4.  0.  0.  0.  0.  0.  0.  0. 12. 12.  6.  6. -1. -1. -1.
  8.  7.  5.  5.  1.  1.  1.  3.  3. -1.  0.  0.  0.  0.  0.  0.  0.  0.
  0.  0.  0.  0.  0.  0.  0.  0.  0.  0.  0.  0.  0.  0.  0.  0.  0.  0.
  0.  0. 12. 13. -1.  8.  7.  7.  7. 10. 10.  1.  1.  1.  3.  3.], Points: 700, Length: 700, Window: 250.0
Labels: [ 4. -1.  6.  6.  8.  9.  9.  2.  2.  2.  5.  1.  4.  0.  6.  8.  9. 10.
  2.  2.  2.  1.  1.  1.  1.  3.  3.  4.  4. 11.  0.  0.  0.  0.  0.  6.
 -1.  9.  7. 10.  2.  1.  1.  3.  3. -1.  4.  0.  0.  0.  0.  0.  0.  0.
  0.  0.  0.  0.  0.  0.  0.  0. 13.  5.  1.  1. -1. -1.  4.  4. 11.  0.
  0.  0.  0.  0.  0.  0.  0.  0.  0.  0.  0.  0.  0.  0.  0.  0.  0.  0.
  0.  9.  9.  5.  5.  1.  3.  3.  0.  0.  0.  0.  0.  0.  0.  0.  0.  0.
  0.  0.  0.  0.  0.  0.  0. 12. -1. -1. -1.  8.  2.  2.  2.  3.  3. 11.
  0.  0.  0.  0.  0.  0.  0.  0.  0.  0.  0.  0.  0.  0.  0. 12. -1. -1.
  9.  7.  7.  7.  7.  3.  4.  4.  0.  0.  0.  0.  0.  0.  0.  0.  0.  0.
  0.  0.  0.  0.  0.  0.  0.  0.  8.  8. 10.  5.  1. 11.  0.  0.  0.  0.
  0.  0. 12.  6. 10.  5.  3.  3.  4. 11.  0.  0.  0.  0.  0.  0.  0.  0.
  0.  0.  0.  6.  8.  7.  2.  5.  3.  3.  3.  0.  0.  0.  0.  0.  0.  0.
  6.  6. -1.  7.  7. 10.  2.  5. -1.  1.  3.  3.  3. 11.  0.  0.  0.  0.
  0.  0.  0.  0.  0.  0.  0.  0.  0. -1.  8. -1.  7.  2.  2.  1.  3.  3.
  3.  3.  3. 11.  0.  0.  0.  0.  0.  0.  0.  0.  0.  6. -1.  8.  9.  2.
  5.  5. -1.  1.  1.  1.  1.  3.  3.  4.  4.  0.  0.  0.  0.  0.  0.  0.
  0.  0.  0.  0. -1. 12.  6.  6.  6. -1.  9.  7. 10.  2.  1.  1.  1.  1.
  3.  3. -1.  4.  0.  0.  0.  0.  0.  0.  0.  0.  0.  0. -1.  6. 10.  5.
  1.  3.  3.  3.  3.  3. 11.  0.  0.  0.  0.  0.  0.  0.  0.  0.  0.  0.
  0.  0.  0.  0.  0.  0.  0.  0.  0.  6.  6. -1. -1. -1.  8.  8.  9.  9.
  7.  7. 10.  2.  2.  5.  1.  1.  1.  1.  3.  3.  3.  3.  3.  3.  3.  3.
 11.  0.  0.  0.  0.  0.  0.  0.  0.  0.  0.  0.  0.  0.  0.  6.  6.  9.
 10. 10.  2.  5.  5.  1.  1.  3.  3.  3.  3.  3.  3. -1.  4.  4.  4. 11.
 11.  0.  0.  0.  0.  0.  0.  0.  0.  0.  0.  0. -1. 13. 13.  6.  6.  6.
 -1.  9.  9.  7. 10.  2.  2.  5.  5.  5.  5.  1.  1.  3.  3.  3.  3. -1.
  4.  4.  4.  0.  0.  0.  0.  0.  0.  0.  0.  0.  0.  0.  0.  0.  0.  0.
 -1. 13.  6.  6. -1.  8.  9.  1.  1.  1.  3.  3.  3.  3.  4.  4.  4.  0.
  0.  0.  0.  0.  0.  0.  0.  0. 13.  6. -1.  9. 10.  5.  1.  1.  1.  1.
  1.  3.  4.  0.  0.  0.  0.  0.  0.  0.  0.  0.  0.  0.  0.  0.  0. 12.
 13. 13.  6.  6.  6.  6.  6.  6.  9.  9.  9.  7.  7. 10.  2.  5.  5.  1.
  1.  1.  1.  3.  3.  3.  3.  3.  3.  3.  3.  3.  3.  4.  4.  0.  0.  0.
  0.  0.  0.  0. 13.  6.  6.  6.  5.  1.  1.  1.  1.  3.  4.  4. 11.  0.
  0.  0.  0.  0.  0.  0.  0.  0.  0.  0.  0.  0.  0.  0.  0.  0.  0. 12.
 13.  6. -1.  9.  7.  2.  5.  5.  1.  1.  1.  1.  1.  1.  3.  3.  3.  3.
  3.  3.  3.  3.  3.  0.  0.  0.  0. 12. -1.  2.  2.  3.  3.  3. -1. -1.
 -1. -1.  4.  4.  0.  0.  0.  0.  0.  0.  0. 12. 12.  6.  6. -1. -1. -1.
  8.  7.  5.  5.  1.  1.  1.  3.  3. -1.  0.  0.  0.  0.  0.  0.  0.  0.
  0.  0.  0.  0.  0.  0.  0.  0.  0.  0.  0.  0.  0.  0.  0.  0.  0.  0.
  0.  0. 12. 13. -1.  8.  7.  7.  7. 10. 10.  1.  1.  1.  3.  3. -1.  0.
  0.  0.  0.  0.  0.  0.  0.  0.  0.  0.  0.  0.  0.  6.  9.  7.  3.], Points: 719, Length: 719, Window: 260.0
Labels: [ 4. -1.  6.  6.  8.  9.  9.  2.  2.  2.  5.  1.  4.  0.  6.  8.  9. 10.
  2.  2.  2.  1.  1.  1.  1.  3.  3.  4.  4. 11.  0.  0.  0.  0.  0.  6.
 -1.  9.  7. 10.  2.  1.  1.  3.  3. -1.  4.  0.  0.  0.  0.  0.  0.  0.
  0.  0.  0.  0.  0.  0.  0.  0. 13.  5.  1.  1. -1. -1.  4.  4. 11.  0.
  0.  0.  0.  0.  0.  0.  0.  0.  0.  0.  0.  0.  0.  0.  0.  0.  0.  0.
  0.  9.  9.  5.  5.  1.  3.  3.  0.  0.  0.  0.  0.  0.  0.  0.  0.  0.
  0.  0.  0.  0.  0.  0.  0. 12. -1. -1. -1.  8.  2.  2.  2.  3.  3. 11.
  0.  0.  0.  0.  0.  0.  0.  0.  0.  0.  0.  0.  0.  0.  0. 12. -1. -1.
  9.  7.  7.  7.  7.  3.  4.  4.  0.  0.  0.  0.  0.  0.  0.  0.  0.  0.
  0.  0.  0.  0.  0.  0.  0.  0.  8.  8. 10.  5.  1. 11.  0.  0.  0.  0.
  0.  0. 12.  6. 10.  5.  3.  3.  4. 11.  0.  0.  0.  0.  0.  0.  0.  0.
  0.  0.  0.  6.  8.  7.  2.  5.  3.  3.  3.  0.  0.  0.  0.  0.  0.  0.
  6.  6. -1.  7.  7. 10.  2.  5. -1.  1.  3.  3.  3. 11.  0.  0.  0.  0.
  0.  0.  0.  0.  0.  0.  0.  0.  0. -1.  8. -1.  7.  2.  2.  1.  3.  3.
  3.  3.  3. 11.  0.  0.  0.  0.  0.  0.  0.  0.  0.  6. -1.  8.  9.  2.
  5.  5. -1.  1.  1.  1.  1.  3.  3.  4.  4.  0.  0.  0.  0.  0.  0.  0.
  0.  0.  0.  0. -1. 12.  6.  6.  6. -1.  9.  7. 10.  2.  1.  1.  1.  1.
  3.  3. -1.  4.  0.  0.  0.  0.  0.  0.  0.  0.  0.  0. -1.  6. 10.  5.
  1.  3.  3.  3.  3.  3. 11.  0.  0.  0.  0.  0.  0.  0.  0.  0.  0.  0.
  0.  0.  0.  0.  0.  0.  0.  0.  0.  6.  6. -1. -1. -1.  8.  8.  9.  9.
  7.  7. 10.  2.  2.  5.  1.  1.  1.  1.  3.  3.  3.  3.  3.  3.  3.  3.
 11.  0.  0.  0.  0.  0.  0.  0.  0.  0.  0.  0.  0.  0.  0.  6.  6.  9.
 10. 10.  2.  5.  5.  1.  1.  3.  3.  3.  3.  3.  3. -1.  4.  4.  4. 11.
 11.  0.  0.  0.  0.  0.  0.  0.  0.  0.  0.  0. -1. 13. 13.  6.  6.  6.
 -1.  9.  9.  7. 10.  2.  2.  5.  5.  5.  5.  1.  1.  3.  3.  3.  3. -1.
  4.  4.  4.  0.  0.  0.  0.  0.  0.  0.  0.  0.  0.  0.  0.  0.  0.  0.
 -1. 13.  6.  6. -1.  8.  9.  1.  1.  1.  3.  3.  3.  3.  4.  4.  4.  0.
  0.  0.  0.  0.  0.  0.  0.  0. 13.  6. -1.  9. 10.  5.  1.  1.  1.  1.
  1.  3.  4.  0.  0.  0.  0.  0.  0.  0.  0.  0.  0.  0.  0.  0.  0. 12.
 13. 13.  6.  6.  6.  6.  6.  6.  9.  9.  9.  7.  7. 10.  2.  5.  5.  1.
  1.  1.  1.  3.  3.  3.  3.  3.  3.  3.  3.  3.  3.  4.  4.  0.  0.  0.
  0.  0.  0.  0. 13.  6.  6.  6.  5.  1.  1.  1.  1.  3.  4.  4. 11.  0.
  0.  0.  0.  0.  0.  0.  0.  0.  0.  0.  0.  0.  0.  0.  0.  0.  0. 12.
 13.  6. -1.  9.  7.  2.  5.  5.  1.  1.  1.  1.  1.  1.  3.  3.  3.  3.
  3.  3.  3.  3.  3.  0.  0.  0.  0. 12. -1.  2.  2.  3.  3.  3. -1. -1.
 -1. -1.  4.  4.  0.  0.  0.  0.  0.  0.  0. 12. 12.  6.  6. -1. -1. -1.
  8.  7.  5.  5.  1.  1.  1.  3.  3. -1.  0.  0.  0.  0.  0.  0.  0.  0.
  0.  0.  0.  0.  0.  0.  0.  0.  0.  0.  0.  0.  0.  0.  0.  0.  0.  0.
  0.  0. 12. 13. -1.  8.  7.  7.  7. 10. 10.  1.  1.  1.  3.  3. -1.  0.
  0.  0.  0.  0.  0.  0.  0.  0.  0.  0.  0.  0.  0.  6.  9.  7.  3. -1.
  4.  4. 11.  0.  0.  0.  0.  0.  0.  0.  0.  0.  0.  0.  0.  0.  0.  0.
  0.  0.  0.  0.  0.  0.  0.  0.  0.  0. 12. -1. -1.  9.  1.], Points: 753, Length: 753, Window: 270.0
Data buffer length: 603, clusterer length: 603
Labels: [ 6.  6.  0.  0.  0.  0.  0.  0.  0.  0.  0.  0.  0.  0.  0.  0.  0.  0.
  0.  0. 10. 10.  7.  4.  2. 11.  0.  0.  0.  0.  0.  0. 12.  3.  7.  4.
  1.  1.  6. 11.  0.  0.  0.  0.  0.  0.  0.  0.  0.  0.  0.  3. 10.  9.
  5.  4.  1.  1.  1.  0.  0.  0.  0.  0.  0.  0.  3.  3. -1.  9.  9.  7.
  5.  4. -1.  2.  1.  1.  1. 11.  0.  0.  0.  0.  0.  0.  0.  0.  0.  0.
  0.  0.  0. -1. 10. -1.  9.  5.  5.  2.  1.  1.  1.  1.  1. 11.  0.  0.
  0.  0.  0.  0.  0.  0.  0.  3. -1. 10.  8.  5.  4.  4. -1.  2.  2.  2.
  2.  1.  1.  6.  6.  0.  0.  0.  0.  0.  0.  0.  0.  0.  0.  0. -1. 12.
  3.  3.  3. -1.  8.  9.  7.  5.  2.  2.  2.  2.  1.  1. -1.  6.  0.  0.
  0.  0.  0.  0.  0.  0.  0.  0. -1.  3.  7.  4.  2.  1.  1.  1.  1.  1.
 11.  0.  0.  0.  0.  0.  0.  0.  0.  0.  0.  0.  0.  0.  0.  0.  0.  0.
  0.  0.  0.  3.  3. -1. -1. -1. 10. 10.  8.  8.  9.  9.  7.  5.  5.  4.
  2.  2.  2.  2.  1.  1.  1.  1.  1.  1.  1.  1. 11.  0.  0.  0.  0.  0.
  0.  0.  0.  0.  0.  0.  0.  0.  0.  3.  3.  8.  7.  7.  5.  4.  4.  2.
  2.  1.  1.  1.  1.  1.  1. -1.  6.  6.  6. 11. 11.  0.  0.  0.  0.  0.
  0.  0.  0.  0.  0.  0. -1. -1. -1.  3.  3.  3. -1.  8.  8.  9.  7.  5.
  5.  4.  4.  4.  4.  2.  2.  1.  1.  1.  1. -1.  6.  6.  6.  0.  0.  0.
  0.  0.  0.  0.  0.  0.  0.  0.  0.  0.  0.  0. -1. -1.  3.  3. -1. 10.
  8.  2.  2.  2.  1.  1.  1.  1.  6.  6.  6.  0.  0.  0.  0.  0.  0.  0.
  0.  0. -1.  3. -1.  8.  7.  4.  2.  2.  2.  2.  2.  1.  6.  0.  0.  0.
  0.  0.  0.  0.  0.  0.  0.  0.  0.  0.  0. 12. -1. -1.  3.  3.  3.  3.
  3.  3.  8.  8.  8.  9.  9.  7.  5.  4.  4.  2.  2.  2.  2.  1.  1.  1.
  1.  1.  1.  1.  1.  1.  1.  6.  6.  0.  0.  0.  0.  0.  0.  0. -1.  3.
  3.  3.  4.  2.  2.  2.  2.  1.  6.  6. 11.  0.  0.  0.  0.  0.  0.  0.
  0.  0.  0.  0.  0.  0.  0.  0.  0.  0.  0. 12. -1.  3. -1.  8.  9.  5.
  4.  4.  2.  2.  2.  2.  2.  2.  1.  1.  1.  1.  1.  1.  1.  1.  1.  0.
  0.  0.  0. 12. -1.  5.  5.  1.  1.  1. -1. -1. -1. -1.  6.  6.  0.  0.
  0.  0.  0.  0.  0. 12. 12.  3.  3. -1. -1. -1. 10.  9.  4.  4.  2.  2.
  2.  1.  1. -1.  0.  0.  0.  0.  0.  0.  0.  0.  0.  0.  0.  0.  0.  0.
  0.  0.  0.  0.  0.  0.  0.  0.  0.  0.  0.  0.  0.  0. 12. -1. -1. 10.
  9.  9.  9.  7.  7.  2.  2.  2.  1.  1. -1.  0.  0.  0.  0.  0.  0.  0.
  0.  0.  0.  0.  0.  0.  0.  3.  8.  9.  1. -1.  6.  6. 11.  0.  0.  0.
  0.  0.  0.  0.  0.  0.  0.  0.  0.  0.  0.  0.  0.  0.  0.  0.  0.  0.
  0.  0.  0.  0. 12. -1. -1.  8.  2. 11.  0.  0.  0.  0.  0.  0.  0.  0.
  0.  0.  0.  0.  0.  0.  0.  0.  0.  0.  0.  0. 12.  3.  7.  7.  2.  2.
  2.  2.  1.], Points: 633, Length: 633, Window: 210.0
